Sentence,Word,Meaning,Source
كشفت دراسة جديدة أن عناق الأب مهم جدا بالنسبة لرفاهية الطفل أكثر من عناقه لوالدته.,اب,والد الشخص.,aljazeera
"ظل شهر فبراير/ شباط على هذا الحال حتى العام 33 قبل الميلاد، حين قرر الملك أوكتافيوس تغيير اسم الشهر الثامن ليحمل اسمه، وحينها غيّر الترتيب الذي أرساه يوليوس ليصبح شهر أغسطس/ آب 31 يوما آخذا يوما من شهر فبراير/شباط، وأعقبه بتغيير في ترتيب الأشهر التي تليه، بحسب موقع ""هيستوري"".",اب,اسم الشهر الثامن من السنة السريانيّة,aljazeera
ذلك أسهم في صقل وطنية الأب يوليو، وعزز انتماءه لفلسطين، فضلا عن لقائه شخصيات مناضلة كالرئيس الراحل ياسر عرفات (أبو عمار),اب,لقب كنسي لرجل الدين المسيحي.,aljazeera
يعاني المراهق المصاب بالاكتئاب من ألم نفسي من الصعب التغلب عليه بمفرده ما يجعله يلجأ إلى أي وسيلة للتخفيف من هذا الألم حتى لو كانت خطيرة، مثل تعاطي المخدرات لينسى أو يتناسى مشاكله.,الم,الحزن والاسى,Altibbi
"تؤثر معظم مشاكل الكتف على منطقة صغيرة، ويفترض بها أن تستمر لفترة قصيرة نسبيا، وترتبط بحدوث ألم في الكتف. لكن في بعض الأحيان، قد تكون آلام الكتف جزءا من مشكلة أكبر وطويلة الأمد، مثل الفصال العظمي أو ألم العضلات الروماتيزمي، وذلك وفقا لموقع ""فيرسَس أرثرايتس"" (Versus Arthritis).",الم,الوجع الشديد,aljazeera
بعد تخرّجه من المدرسة الثانوية، ألمّ جيداً اللغة الإنجليزية والفرنسية ليستطيع دراسة الهندسة في باريس.,الم,أحاط به بدون تعمق او عرفه,gpt
أَلَمْ تَسْمَعْ بِٱلْهَنْدَسَةِ ٱلصِّنَاعِيَّةِ مِنْ قَبْلُ؟,الم,أداة استفهام للنفي، مركبة من همزة الاستفهام ولم النافية.,wikipedia
"هاشم لـ ""الجديد"": الرئيس المكلف استمهل الثنائي الشيعي وأجّل لقاءه مع الرئيس عون كي يستكمل اتصالاته ومشاوراته الخاصة",أجل,أَخَّرَه إلى وقت لاحق,aljadeed
"ما أعظمها من بشارة، وما أجلّها من عبارة، وما أروعها من إشارة، اسمع يقول ﷺ ؛ كلمتان خفيفتان على اللسان، ثقيلتان في الميزان، حبيبتان إلى الرحمن؛ ""سُبْحانَ اللَّهِ وَبِحَمْدِهِ، سُبْحانَ اللَّهِ الْعظيمِاجعلها معك ليلاً ونهاراً تجد الأمن والسعادة، والأجر والرحمة.",أجل,أعظم، أكرم,twitter
لكل فرد أهدافه الاستثمارية، فقد يكون هدفك ضمان مكاسب جيدة قبل التقاعد، أو دفع تكاليف التعليم الجامعي للأطفال في وقت لاحق، أو شراء منزل. ومهما كان الهدف، فإن مفتاح الاستثمار الناجح طويل الأجل هو تحديد الأفق الزمني المناسب، وعادة ما تستمر مدة هذا النوع من الاستثمار 5 أعوام أو حتى أكثر، لذلك يجب أن تحدد المدة التي تحتاج فيها إلى استخدام الأموال لتختار الاستثمارات المناسبة وتقدر حجم المخاطرة التي يمكنك أن تتحملها,أجل,مُدَّةُ الشيءالوقت الذي يُحَدَّدُ لانتهاء الشيء أَو حُلُولِهِ,aljazeera
عن عائشة رضي الله عنها قالت: قال لي رسول الله صلى الله عليه وسلم : «إنِّي لأعلمُ إذا كنتِ عنِّي راضيةً، وإذا كنتِ عليَّ غَضْبَى». قالت: فقلتُ: مِن أين تَعْرف ذلك؟ فقال: «أمَّا إذا كنتِ عني راضيةً، فإنكِ تقولين: لا وربِّ محمد، وإذا كنتِ علي غَضبى، قلتِ: لا وربِّ إبراهيم». قالت: قلتُ: أجل والله يا رسول الله، ما أهْجُرُ إلَّا اسمَك.,أجل,"حرف جواب مثل ""نعم""",hadeeth enc
لا تتسرع بالحكم، فما قام به كان من أجل خدمة البشرية، ومعرفة التأثيرات النفسية والجسدية على شخص يخوض تجربة العزلة لفترة طويلة، ونتائج مهمة من أجل السفر إلى الفضاء.,أجل,سَبَب حدوث الشيء,arabic post
سمية البناية بجبل أحد، فنسبة إلى الجبل الشهير في غزوة أحد، التي خاضها المسلمون ضد قريش، وهُزموا فيها بسبب تخلي الرماة عن الأماكن التي أمرهم الرسول بالبقاء فيها على جبل أحد.,أحد,جبل يقع شمال المدينة المنورة، وقعت عنده إحدى الغزوات وبه سميت.,arabic post
نشر الجيش السوداني، فجر الإثنين 1 مايو/ أيار 2023، مقطع لقطات لاجتماع قادة عسكريين برئاسة عبد الفتاح البرهان من أحد مراكز القيادة، دون أن يكشف عن تفاصيل الاجتماع أو مكان انعقاده بالتحديد، بينما تتواصل المواجهات مع قوات الدعم السريع.,أحد,شخصٌ أو شيءٌ ما.,arabic post
صحيفة The Independent البريطانية، قالت الأحد 16 أبريل/نيسان 2023، إن شركة الألماس V D Global، التي تعمل من سورات ومومباي ولها فروع منتشرة على مستوى العالم، عثرت على ألماسة يبلغ وزنها 0.329 قيراط بحالتها الطبيعية في أكتوبر/تشرين الأول من العام الماضي.,أحد,ثاني أيام الأسبوع، يأتي بعد السبت ويليه الإثنين.,arabic post
"بعد أحد عشر ربيعاً، تحولت سوريا لمأساة لا مثيل لها بعد الحرب العالمية الثانية؛ دولةٌ مقسمة، ومستباحة، ومدمّرة في إنسانها وبنيانها واقتصادها، ومصنّفة في أدنى درجات السلم العالمي على مستوى الأمن الغذائي والفوضى الأمنية وانخفاض مستوى التعليم والصحة والحريات، وتلك هي الترجمة الحقيقية لنظام فاشي احتل البلد، وفَضَّل بيع السوريين وقتلهم وتقسيم بلدهم، وتسليمه للمحتل الإيراني والروسي على إحداث تغيير طالب به الثائرون، ولعل الخبير في الشأن السوري والمبعوث الأممي والأمريكي للملف السوري جيمس جيفري وضح ذلك في مقابلته مع صحيفة الشرق الأوسط بالقول: ""بشار الأسد ببساطة، يحاول البقاء على قيد الحياة، إنه لا يقبل المقترحات التي من شأنها أن تجعل الناس يعودون إلى بلاده وتجعل الأموال تتدفق إلى سورية. كل ما يريده هو البقاء في السلطة، فهو يفضل أن يكون مدير الحطام والدمار"".",أحد,اسم عدد بمعنى واحد، ويأتي مركبا مع العشرة.,arabic post
التوحيد في الإسلام هو نفي وجود أيّ آلهة أُخرى مع الله، ونفي الشَّبه بين الله وبين خلقه، فالله في الإسلام واحدٌ أحدٌ فردٌ صمدٌ، لا شريك ولا نِدَّ له، منفردٌ في التصرّف في مُلكه، لا يُسأل عمّا يفعل، لا يخرج عن مشيئته وإرادته شيء.,أحد,فردٌ في جميع جهات الوحدانية، أي: في ذاته وصفاته لا يتجزأ.,wikipedia
يمكن أن يتسبب السير مشياً على الأقدام أثناء الحج بحدوث الشد العضلي عند الحجاج. تعرف من خلال هذا المقال على كل ما يخص إجهاد العضلات خلال أداء مراسم الحج.,أداء, تأدية، طريقة القيام بعمل ما,Altibbi
"لم تُصنع هذه السُمعة بالأصوات الجميلة فقط وإنما بإجادة الأداء وسلاسة الانتقال بين المقامات، وقواعد صارمة للاعتراف بجدارة حامل لقب ""قارئ قرآن بالإذاعة المصرية"".",أداء,تلاوة القرآن كما يتلوه القراء من إعطاء الأصوات حقها من الوضوح والضغط والنبر,aljazeera
قام موقع Stuff بالبحث في الارشيف واختار أسوأ أداء تمثيلي لخمسة من لاعبي كرة القدم على الشاشة الكبيرة.,أداء,تمثيل,arabic post
وأظهر الفيديو الذي تم تداوله على مواقع التواصل في تركيا، الرئيس أردوغان وهو يرفع الأذان في أذن الطفلة، التي نجت هي ووالدتها من الزلزال المدمر، الذي أودى بحياة أكثر من 30 ألف شخص.,أذن,عضو السمع في الإنسان والحيوان، وهي مؤنثة,arabic post
حيث ذكر الموقع في تقرير له، الأربعاء 8 مارس/ آذار 2023، أن رئيس الموساد ديفيد بارنيا منح ضباطه الإذن بالمشاركة في الاحتجاجات على الحكومة الائتلافية اليمينية المتطرفة، التي يتزعمها رئيس الوزراء بنيامين نتنياهو. ,أذن,السماح أو الموافقة,arabic post
ثمَّ أذَّن، ثم أقام، فصلَّى الظُّهر، ثمَّ أقام، فصلَّى العصر، ولم يصلِّ بينهما شيئًا، ثمَّ ركب رسولُ الله صلى الله عليه وسلم، حتَّى أتى الموقف، فجعل بطنَ ناقتهِ القصواءِ إلى الصَّخَرَاتِ وجعل حبل المشاة بين يديه، واستقبل القبلة، فلم يزل واقفاً حتَّى غربت الشمس، وذهبت الصُّفْرَةُ قليلاً حتى غاب القُرْصُ.,أذن,أذن بالصلاة/ أذن للصلاة: نادى بالأذان داعيا إليها,aljazeera
"وقال وزير الدفاع الأمريكي، لويد أوستن، في البيان إن الرئيس بايدن أذن بشن غارة جوية دقيقة ردا على ذلك ""في شرق سوريا ضد المنشآت التي تستخدمها الجماعات التابعة للحرس الثوري الإيراني""",أذن,سمح أو وافق,cnn arabia
عاد صوتُ البُكاء من جديد، الدعوات تنهالُ علينا من كُل حدبٍ وصوب، هُناك صوتٌ مألوف يقرأُ الفاتحة.. من هذا؟ إنهُ ابنيَ البار قد عاد ليدعو لي، أشعُر به، روحي تكادُ تحتضنه.. ولكن ما هذا؟ إنهُ يحفُر فوق قبري! لقد دفعهُ الحُب أولًا والشوقُ ثانيًا رغبة في عِناقي.. صوتُ خريرَ الماء بدأ يتدفَقُ من الحُفرة! يا بُني أنا لا أُريدُ ماءًا.. فقط أُريدُك أن تبقى أو إن رحلت لا تألف البُعد.,بار,مكثر في الخير والإحسان,aljazeera
"افتتح رجل برازيلي يدعى ""سيارا فرانسيسكو فرنانديز""، بارا لتناول المشروبات الكحولية في مدينة ساو باولو، وأطلق عليه اسم ""بن لادن""، نظرًا لوجود تشابه كبير بين صاحب البار، وأسامة بن لادن، زعيم تنظيم القاعدة.",بار,حانة، مكان لتعاطي المشروبات الكحولية,elwatan news
والأغرب أن الإعصار إيان تساوى أيضا في سرعة الرياح عند وصول اليابسة مع سرعة الرياح لإعصار تشارلي والتي بلغت 194 كم في الساعة. أما الضغط الجوي فقد سجل قيمة أقل بمقدار 1 مللي بار فقط عن تشارلي عند وصول اليابسة في منتصف فترة ما بعد الظهر.,بار,وَحْدة لقياس الضَّغط‍‌ الجَوّيّ‌ تساوي مليون داين في السَّنتيمتر المربَّع(يونانيَّة),arabia weather
بعد 11 يوماً من البحث.. الجيش الأردني يعلن العثور على جثمان ملازم جرفته السيول بوادي عربة,بحث,التحقيق والتفتيش,arabic post
أشار البنهاوي إلى أنه قدم بحثا في مؤتمر سنوي بجامعة حلوان عن تنمية الإبداع لدى الفرد...,بحث,دراسة‏ وفحص,lexicon.alsharekh
" بعد النجاح الذي حققه ChatGPT، خلال مطلع 2023، وإطلاق شركة جوجل بوت الدردشة ""بارد Bard""، يبدو أنها ستسير على خيطٍ رفيع مع Bard، إذ يجب عليها أن تقدم للمستخدمين تجربةً تنافس دردشة متصفح بينغ Bing وChatGPT، المدعومة بالذكاء الاصطناعي، دون التضحية بتجارة محركات البحث المربحة للغاية في الوقت نفسه.",بحث,محرك بحث,arabia weather
بحث الرئيس الأميركي جو بايدن ورئيس الوزراء الإسرائيلي نفتالي بينيت -في أول اجتماع بينهما- في البيت الأبيض اليوم الجمعة عن أرضية مشتركة بشأن إيران، في الوقت الذي يسعى فيه بايدن للتعامل مع تداعيات استهداف مطار كابل.,بحث,حقق وفتش,aljazeera
إن بِرَّ الوالدين هو أقصى درجات الإحسان إليهما.,بر,اسم جامع لكل خير، ولكل طاعة، وقربة إلى الله,wikipedia
في واحدة من المتابعات النادرة يوثق ‘‘أوروبا.. الحلم‘‘ سينمائياً عمليات انتقال المهاجرين عبر شاحنات النقل الكبيرة من موانئ اليونان إلى برّ إيطاليا.,بر,أرض يابسة، ما انبسط من سطح الأرض ولم يغطه ماء، عكس بحر,aljazeera doc
"في مثل هذه الأيام يقوم المزارعون في منطقة عسير بحصاد مزارع القمح بعد نضوجها في السنابل ويباسها , ورغم توفر الآلات الحديثة لحصاد البر، لكن هناك عددا محدودا في مركز بللسمر لا يزال يحافظ على الحصاد بالطريقة التقليدية القديمة وتحديدا باستخدام الثيران، ورغم المشقة في ذلك، ولكن هؤلاء المزارعون يعتقدون أن الطريقة القديمة هي الأفضل خصوصا من حيث الجودة",بر,حب القمح,alriyadh
حينما تبحث عن احسن دواء للبرد والانفلونزا، سيكون الغرض الأساسي هو تخفيف الحمى والألم,برد,نزلة تصيب أغشية الجهاز التنفسي المخاطية.,Altibbi
من أجل حماية الطفل من برد الشتاء يجب الحرص على القيام بتدفئة الغرفة التي يتم وضعه بداخلها، حيث ينصح باستخدام أنابيب التدفئة المركزية، أو المكيفات ذات الهواء الساخن، لتدفئة الغرفة، لأنهما يعتبران أكثر وسائل التدفئة أماناً وخصوصاً في الليل.,برد,انخفاض الحرارة أو انعدامها,Altibbi
لا تجرّب حيلة TikTok لبرد الأسنان بمبرد الأظافر.. أطباء الأسنان يحذرون,برد,حكَّه بالمبرد لتسويته أو تشكيله,arabic post
عاش طلاب الدكتوراة خلال هذه المبادرة وسط المزارعين، الذين يضطرون كثيرًا إلى مواجهة الأمطار الغزيرة، والبَرَد، والصقيع، والرياح العاتية، والفيضانات، مستعينين بالقليل من الموارد؛ لتعويض الخسائر.,برد,ماء جامد ينزل من السحاب قطعا صغيرة نصف شفافة,Reverso Dictionary
"وقال الصحافي في ""تاب""، منير السويسي، لوكالة ""رويترز""، إن ""هذا التعيين يدل على رغبة جامحة في وضع اليد على الوكالة وجعلها بوق دعاية حكومية وحزبية، وهذا لن يحصل، ولن نقبل بتعيين من دون معايير شفافة تضمن استقلالية الوكالة"". وأضاف أن أكثر من 150 صحافياً وموظفاً وقّعوا على عريضة ترفض هذا التعيين.",تاب,اختصار يعبر عن: وكالة تونس أفريقيا للأنباء.,alaraby
تاب الشاعر العباسيّ عن شعر يستحلي الفخار ويدكّ شرف أسلاف خصومه، عن شعر يتكسّب به المترزّقون على أبواب السلاطين، عن شعرٍ –ربما- أحلاه أكذبه.,تاب,رجع إلى ربه مستغفرا، تاركا المعصية، نادما على ما صدر منه.,aljazeera
فالفرق واضح بين معصية آدم ومعصية إبليس، لذلك كان مصير إبليس الطرد واللعنة والخلود في النار، وأما آدم عليه السلام، فقد تاب الله عليه وغفر له واجتباه واصطفاه؛ لأنه ندم وشعر بالذنب واعترف بالظلم والخطأ والتجأ إلى التوبة والاستغفار، ومعه أُمنا حواء، ولم يبق للعصيان أثر بعد توبة آدم وزوجه، فقد تم قبولهما وتمَّ اصطفائهما، وقد ترتقي النفس وتسمو بعد المعصية إلى درجة أعلى منها قبل المعصية بسبب التوبة والتضرع والاستغفار والإقبال على ما يُرضي الله عز وجل.,تاب,غفر له ذنبه، ووفقه إلى طاعته‏.,aljazeera
"توعّد نائب رئيس المكتب السياسي لحركة ""حماس"" صالح العاروري، الخميس 26 يناير/كانون الثاني 2023، إسرائيل بـ""دفع ثمن المجزرة التي ارتكبتها في مخيم جنين شمالي الضفة الغربية""، مشدداً على أن ""رد المقاومة لن يتأخر"".",تاخر,أبطأ وتوانى.,arabic post
كشفت دراسة مهمة أن واحدا من كل أربعة مرضى بالسرطان في بريطانيا يعانون من تأخر في التشخيص، مما قد يكلفهم حياتهم.,تاخر,إبطاء وتوانٍ,aljazeera
لقد أقامت العديد من السيدات اللبنانيات جمعية؛ ليتم من خلالها عملية تشجيع الأشغال الحرفية، فقد فتحت هذه الجمعية مكان مخصص لعرض المصنوعات اليدوية في أدنى بداية البرلمان في بيروت، وإنّ تأخر الصناعات الحرفية واختفاء الصناعات القديمة جاء بعده تطور كبير في الصناعات الحديثة.,تاخر,تَخَلُّف‏ وتدهْوُر.,e3arabi
ولكن تفعيل دور المواطن يتخطى هذه المقاربة لتشمل عقد المؤسسات الأمنية جلسات توعية مع المواطنين على مستوى الأحياء والمربعات السكنية من أجل تعليمهم كيفية التعامل مع الحادث الإرهابي، سواء فيما يتعلق بالمشاركة في مساعدة المصابين خاصة في حال تأخر وصول سيارات الإسعاف، أو فيما يخص التعامل مع الموقف بعد وقوع العمل الإرهابي.,تاخر,"الوصول بعد فوات الأوان, بعد الموعد المحدد",acpss ahram
لم يكن إلفيس فرانسوا يعتقد أن رحلته في البحر الكاريبي كانت ستنتهي بنجاته بعد أن تاه قاربه وبقي في عرض البحر 24 يوما بمفرده.,تاه,ضل طريقه,aljazeera
"وصف اليهودي بالحلزون الذي يظل حلزوناً حتى بعد ما يسقط من محارته.. اعتز بيهوديته وأعتبرها المرجعية القومية لديه.. ثم رفض رئاسة الدولة الصهيونية وعمل على إيجاد حل للمشكلة العربية اليهودية! أنه عبقري الفيزياء الذي تاه في دهاليز اللعبة السياسية.. ""ألبرت أينشتاين""",تاه,تحير واضطرب عقله,aljazeera
هناك من ينتظر أي فرصة ليمارس كبره على غيره، وإن لم يجد تاه في مشيته وكلامه..,تاه,تكبر,lexicon.alsharekh
الحكومة الصينية قامت على الفور بإرسال 2000 خيمة و 3000 تخت قابل للطوي، و 3000 معطف للمنطقة المنكوبة.,تخت,سرير‏ يوضع عليه الفراش,arabia weather
وأضاف: «قمت فى السنوات الماضية بإرسال العديد من المكاتبات للمديرية لشراء تخت ومقاعد وللأسف لم يردنا شىء فاضطررنا لحل المشكلة بالجهود الذاتية، وحاليا الامتحانات شغالة والطلاب والطالبات يؤدون الامتحان بسهولة ويسر، حيث يوجد بالمدرسة ٣٤٠٠ طالب وطالبة».,تخت,جمع كلمة (تَخْتَة)، مقعد خشبي يجلس عليه التلميذ.,almasry alyoum
أنا مهتمة بأن أؤدي التخت الشرقي بآلاته القانون والناي لست مهتمة بعدد من يسمعني مثلما أنا مهتمة بأن هذا يجب أن يبقى هذه هويتنا وليس ما يطفو على السطح من موضة الفيديو كليب حتى الأوروبي لا يريد أن يسمع منا ما يرسله إلينا لأن هذا لا يفيده في التعرف علينا,تخت,مجموعة الموسيقيين والمغنيين، يؤدون عملا فنيا مشتركا من غناء أو عزف أو نحو ذلك,aljazeera
أعتقد أن ذلك أخافهم، إذ وجدوا أن وطنهم لم يعد كما تركوه,ترك,غادر,bbc arabia
زهاء 400 شخص لا يزالون في منطقة الفيضانات في أقاصي شرق روسيا ويرفضون ترك منازلهم…,ترك,المكانِ ونحوه: مغادرته,lexicon.alsharekh
يجب على الأم أن تجد الشخص المناسب للاعتناء بالطفل في هذه المرحلة العمرية الصغيرة، سواء أحد الأشخاص المقربون أو إرساله إلى الحضانة، وهذا أمر شديد الصعوبة لأن الأم تحتاج إلى ترك الطفل مع شخص تثق فيه بأنه سيعتني جيداً بالطفل.,ترك,ابقاهُ‌، خلّاه,Altibbi
أضفي الدستور مرونة علي طبيعة وماهية النظام الاقتصادى وترك الباب مفتوحا أمام الشعب للاستفادة من كل التجارب الاقتصادية,ترك,جعل الفرصة متاحة له,lexicon.alsharekh
إن فعل القراءة في هذه الحالة لا يمكن أن يتحقق لأنه مرتبط بنصوص لا تترك أي أثر جمالي,ترك,أثَّر فيه وأضفى عليه من شخصيته,lexicon.alsharekh
"وتقول المراسلة إن بوتين ترك للرئيس الشيشاني المستبد رمضان قديروف الحبل على الغارب ليفعل ما يحلو له في الشيشان، فأصبحت صورة الرجلين حاضرة في كل مكان حتى في مداخل المدارس، كما أطلق اسماهما على شريانين رئيسيين يعجان بالمحلات والمطاعم في غروزني، بيد أن بعض الشيشانيين -كما هي حال الضابط المتقاعد عبد الله- يحز في أنفسهم هذا التقارب، في الوقت الذي لم تعتذر فيه موسكو عما سببته للشيشانيين من مآس؛ وهو ما دفع عبد الله للقول خفية: ""الله يعلم أني في قرارة نفسي أتمنى لكييف أن تنتصر"".",ترك,جعل له حرية الاختيار والتصرف في الأمور.,aljazeera
حصل الترك على العلوم من العرب، وعلى العقيدة والشريعة الإسلامية,ترك,شعب أوروآسيوي يقيم في شمال ووسط وغرب أوراسيا.,lexicon.alsharekh
"كرت هيئة المسح الجيولوجي الأميركية أن بركان ""ماونا لوا""، أكبر بركان في العالم ثار صباح الإثنين بالتوقيت الشرقي للولايات المتحدة، لأول مرة منذ نحو 4 عقود.",ثار,قذف حممه والمواد المنصهرة من داخله.,arabia weather
"""260 ألف (أغضبني) لأستاذ جامعي واحد"".. لماذا ثار كل هذا العدد من الناس ضد شخص لا يعرفونه؟",ثار,غضب غضبا شديدا,aljazeera
وقد ثار المصري القديم لأسباب عديدة وأغراض متنوعة؛ منها أسباب اقتصادية وحوادث اجتماعية وخلافات دينية وعقائدية، لكن بالتأكيد كانت أصعبها وأشدها أثرا هي الثورات التي حدثت لأسباب سياسية، فقد قوبل خلالها الثوار -كما قوبلوا في كل الأزمان- بأعتى أنواع التنكيل والانتقام .. ولكن كان النصر في النهاية حليفهم.,ثار,تمرد عليه وأعلن العصيان.,aljazeera
قد يبدو الرقم غريبا فيما يتعلق بحجم قوات الأمن، لكن الحادثة التي تسببت في ذلك ربما تكون أكثر غرابة، حيث لم يتوقع أحد أن يسقط 17 مواطنا بين قتيل وجريح بسبب خصومة ترتبط بأعمال الثأر والانتقام التي طالما عانى منها الصعيد قديما، ويأمل البعض أن يكون الحال قد تغير مثلما تغيرت أشياء كثيرة.,ثار,انتقام، واقتصاص,aljazeera
أما عن سبب انفجار الخزان، فقد كان هناك الكثير من التكهنات في ذلك الوقت بأن الخزان ربما تم تفجيرها بفعل فاعل، ولكن في نهاية المطاف، وبعد ست سنوات من التحقيق في ذلك الوقت ، أشار أحد الخبراء العديدين الذين أدلوا بشهاداتهم في القضية إلى أن جدران الخزان كانت أرق من المطلوبة واستخدمت مسامير أقل مما كان يفترض استخدامه، وتم ثقب معدن الخزان بطريقة خلقت قدرا كبيرا من الضغط على فتحة البرشام.,ثقب,خَرْم، خَرْق,arabia weather
يمثل الثقب بين الأذينين (الفتحة في الجدار بين الأذينين) حوالي 13% من مجموع العيوب الخلقية التي تصيب القلب، مع العلم أن معدل العيوب الخلقية 1% بين الأطفال المواليد.,ثقب,خرق نافذ من جانب إلى آخر.,Altibbi
من الممكن علاج ثقب الأسنان في المنزل بكل سهولة بواسطة العديد من المواد الطبيعية، ولكن في حالة الاستمرار على تلك المواد وعدم ملاحظة أي تحسن فلابد من أخذ رأي الطبيب,ثقب,تسوس الأسنان,learn dental care
وصيدت سمكة التونة في أوما على الطرف الشمالي لجزيرة هونشو كبرى جزر اليابان والتي تعد واحدة من أفضل مناطق صيد أسماك التونة في البلاد، ويعتبر مزاد بيعها ثاني أعلى ثمن يُدفع مقابل سمكة تونة في اليابان منذ أن بدأت السلطات تسجيل الأرقام القياسية عام 1999.,ثمن,قيمة الشيء وسعرُه,aljazeera
ثمن نائب رئيس الوزراء ووزير الإدارة المحلية توفيق كريشان جهود رؤساء البلديات، ومجالس الخدمات المشتركة ومدراء الشؤون البلدية وفرق الطوارئ وكافة الكوادر العاملة في الميدان.,ثمن,سَعَّرَها، قَدَّرَ قيمتها.,arabia weather
كما يجب مراعاة اختلاف نسبة الكربوهيدرات في الحصة الواحدة من الفاكهة باختلاف نوعها، على سبيل التوضيح، تحتوي جميع حصص الفواكه التالية على الرغم من اختلاف حجم الحصة فيما بينها على 15 جرام من الكربوهيدرات: [1] نصف تفاحة متوسطة الحجم، نصف موزة متوسطة الحجم، كوب واحد من التوت الأسود أو توت الأرض الشوكي، ثلاثة أرباع كوب من التوت الأزرق، ربع كوب من الفراولة، كوب واحد من مكعبات البطيخ، ثمن كوب من الزبيب.,ثمن,الجزء الواحد من الثُّمْنُ ثمانية. والجمع : أثمانٌ.,Altibbi
توعد الحرس الثوري الإيراني، الأحد 2 أبريل/نيسان 2023، بالرد على إسرائيل إثر مقتل أحد ضباطه في سوريا بقصف إسرائيلي على ضواحي العاصمة السورية دمشق، الجمعة، مؤكداً أن جرائم إسرائيل لن تمر دون رد وستدفع ثمنها، في حين لمح رئيس الوزراء الإسرائيلي إلى مسؤوليته عن القصف.,ثمن,العواقب أو الجزاء الذي سيتم دفعه,
"خلال هذه الفترة، أنهي ""مورو"" حوالي 300 كيلومتر بعيداً عن خط السباق، وفقد 18 كيلوغراماً من وزنه. دخل نفس السباق بعدها بـ4 سنوات وفشل مرة أخرى في إكماله، هذه المرة لأنه ثنى أصبعه ! ",ثنى,طواه،  رد بعضه على بعض,arabia weather
قد دعاه بالمغفرة، وابتدأ بنفسه أولاً، ثم ثنى بوالديه، وثلث بالمؤمنين الذين يؤمنون بالله واليوم الآخر، سواء أكانوا من ذريته أم كانوا من غيرهم، فهو دعاء لعامة المؤمنين.,ثنى,ذكره بعد أمر جاء قبله.,aljazeera
"وقد ثنى على تحذير كبير المفاوضين الإيرانيين علي لاريجاني قائلا إنهم ""إذا استمروا (الولايات المتحدة وحلفاؤها) في طريقهم فسنواصل طريقنا"", مشددا على أن بلاده لن تتنازل عن أنشطة البحث, وأن إحالتها لمجلس الأمن لا يثنيها عن برنامجها النووي.",ثنى,زادَ في شيءٍ وأضاف إليه,aljazeera
إذا كنت تشعر بالملل خلال المشي بمفردك، اجعل المشي ممتعًا واطلب من جارك أو صديقك أو أحد أفراد عائلتك أن ينضم إليك. أو فكر في الانضمام إلى ناد أو مجموعة مشي.,جار,مَن يجاورك في المسكن,Shifaa
"وأكد مصدر لـ ""المملكة""، الأربعاء، عن شهادات تشير إلى وجود أكثر من 10 أشخاص تحت أنقاض المبنى، والبحث جار لإنقاذهم.",جار,متحقِّق، و مستمرّ,arabia weather
إذا جار الحاكم على الشعب، فليس عليهم السكوت، بل يجب عليهم الوقوف في وجه الظلم والتمرد على الحاكم الجائر.,جار,تعدَّى عليها وانتهكها او طَلَمَ، ومال عن الحقّ,gpt
استطاع الحصول على شهادة الدكتوراه في اختصاص الفيزياء النووية عام 1968م، من جامعة درسدن الألمانية، ولكنه لم يكتفي بشهادة واحدة حيث جد وأجتهد حتى نال شهادة دكتوراه ثانية في فلسفة الفيزياء من جامعة همبولت في برلين عام 1974م، وكتب في الصحف العلمية والمجلات الثقافية وأصدر عددا من الكتب.,جد,فعل الأمر من الفعل(جَدَّ) فلانٌ في الأمر: اجتهد فيه.,wikipedia
كان عصامياً قوي الايمان بربه تحلى بالصدق والأمانة وحسن الخلق والحزم والجد وكان رجلاً جاداً، عرف بعبقريته وقدرته دائماً على الإبداع والتطور كما عرف عنه التواضع وتعليم أبنائه وتوجيههم لمبادئ حسن الأخلاق والتمسك في امور دينهم بعيدا عن التطرف والغلو وقد اهتم الشيخ بالأعمال الخيرية,جد,اجتهاد‏، واهتمام,wikipedia
وَأَنَّهُ تَعَالَىٰ جَدُّ رَبِّنَا مَا اتَّخَذَ صَاحِبَةً وَلَا وَلَدًا,جد,تعاظم ملك الله، وجلاله، وسلطانه.,Quraan
حكمَ الساسانيون إيران بعد سقوط الدولة الأشكانية، وامتد حكمهم من عام 226م إلى 652م. ترجع تسمية الساسانيين إلى جد الأسرة ساسان، الذي كان سادن معبد النار في اصطخر، إلا أن مؤسس الدولة الحقيقي هو أردشير، ابن ساسان، أو قيل حفيده. لقد استطاع أردشير بشخصيته الفذة إقامة دولة قوية، استعادت الإمبراطورية التي كان الفرس قد أضاعوها من أيديهم.,جد,أبو الأب أو أبو الأم.,alarabi
بعد تدريبات مكثفة لمدة ستة أشهر، جدلت قوة اللاعب الشاب وأصبحت أكثر إمكانية للفوز في المباريات.,جدل,قَوِيَ,gpt
مع انطلاق الألعاب الاولمبية دار جدل على مواقع التواصل الاجتماعي حول مشاركة المرأة السعودية في رياضات عدة. وظهر هاشتاغ #نساء_الاولمبياد_لايمثلوننا في 67.7 ألف تغريدة منذ الحفل الإفتتاحي. واستخدم بعض المغردين الهاشتاغ للتعبير عن رفضهم لمشاركة المرأة معتبرين أن ذلك لا يتوافق مع الاسلام.,جدل,نِقَاشٌ,bbc arabia
تجدل الأمهات شعر أطفالهن الصغار حتى يطول…,جدل,ضفَر او فتل,lexicon.alsharekh
"بدأ بابا الفاتيكان فرانشيسكو الاثنين جولة آسيوية لمدة ستة أيام تشمل كلا من بورما (ميانمار) وبنغلاديش ""لدعم المجتمع الكاثوليكي"". علما أن أزمة الروهينغا ستغيب على جدول أعمال البابا خلال لقاءاته بسلطات ميانمار.",جدول,قائمة تضم أهم الموضوعات المطروحة في اجتماع ما,aljazeera
علنت وزارة التربية والتعليم، الأحد، جدول امتحان شهادة الدراسة الثانوية العامة لعام 2022/ الامتحان التكميلي. وقالت الوزارة إن أول أيام الامتحان سيكون الثلاثاء الموافق 27 كانون الأول 2022، وآخر أيام الامتحان الاثنين 16 كانون الثاني 2023، وستبدأ الجلسة الأولى في تمام الساعة الحادية عشرة صباحًا في حين ستبدأ الجلسة الثانية في تمام الساعة الثانية ظهرًا.,جدول,شكل يحتوي على مجموعة من البيانات بشكل مختصر.,arabia weather
في البدء كان الماء، كان يكفي الإنسان حين تتسخ يداه أن يمدهما في جدول ماء جارٍ، لينظّفهما باستخدام الماء، أول منظف عرفه الإنسان.,جدول,المجرى المائي الصغير,aljazeera
يختلف الوقت الذي تستغرقه شقوق العملية القيصرية للالتئام من امرأة إلى أخرى، حيث هناك بعض العوامل التي قد تبطئ أو تعيق عملية الالتئام، مثل سوء التغذية أو العدوى. لذلك يساعد الحفاظ على حالة الجرح وصحة الجسم بعد الولادة في التئامه بشكل أسرع.,جرح,الشق في البدن,Altibbi
"لكن ""لو"" ترفض عرض نيتشه، هذا الرفض سيتكرر لأكثر من مرة فيما بعد، ولنا أن نتخيل أثر ذلك الرفض العاطفي لرجل له كبرياء وحساسية نيتشه. حمل جرحه معه بعيدا عن العالم، صار أكثر انعزالا ووحدة من ذي قبل، وفي عمق عزلته الباردة راح يتحدث مع أشباح لا يراها غيره",جرح,حزن او الم,aljazeera
"وكان ""علم الجرح والتعديل"" قد واجه سؤالاً حول مشروعيته بادئ الأمر؛ إذ إنه يندرج ضمن أصل أخلاقي عام، وهو حرمة الغيبة التي هي ذِكرُك أخاك بما يكره",جرح,الإساءة إليه بالقول أو الفعل,aljazeera
الإنسان بطبيعته يميل ويحب ما يُمنع منه، فإذا نجح الصائم في السيطرة على هاتين الغريزتين 30 يوما، فهو قادر على قيادة نفسه أمام عاداتها وشهواتها وقيادتها نحو ما فيه خيره وسعادته وإعماره للأرض، وهي مهمته الأولى والرئيسية، وهذا هو جوهر الإنسانية في أبهى صورة له.,جوهر,أساس الشيء أو حقيقته وذاته,aljazeera
"تعدُّ الجوهرة الزرقاء التي تسمّى ماسة الأمل أو""Hope Diamond"" واحدةً من أكثر الجواهر شهرةً في العالم، يرجع تاريخ ملكيتها إلى أربعة قرون، كما تتميز بلونها الأزرق الذي لقبت به على مر العصور، يبلغ وزنها الحالي قرابة 46 قيراطاً.",جوهر,النفيس الذي تُتَّخذ منه الفصُوص ونحوها,arabic post
تقع هذه الكنيسة البيضاء في حي كاسترو وهو أقدم قسم في مدينة ميكونوس، وتعتبر الأكثر إثارة للإعجاب من بين جميع الكنائس الموجودة في جزيرة ميكونوس، فهي جوهرة معمارية بيزنطية حقيقية يعود تاريخ بداية بنائها إلى عام 1425 ولم تكتمل حتى القرن السابع عشر.,جوهر,صفة تُستخدم لوصف شيء جميل وفريد من نوعه,arabia weather
عندما نكتب قصة حب جميلة لا يسأل النص الروائي عن صدقه وعن إمكاناته الإيصالية,حب,ميل النفس مع العقل ، فإذا تجاوز العقل فهو العشق,lexicon.alsharekh
فبالإضافة إلى فيتامين C فإن حب الرشاد يعتبر من النباتات الغنية بفيتامين K الذي يساعد على تعزيز صحة القلب والأوعية الدموية، ويمنع تكلس الشرايين,حب,جمع حَبّة,Altibbi
حب الشباب (بالإنجليزية: Acne Vulgaris) هو أحد المشكلات الجلدية الشائعة، والذي ينجم عن انسداد مسامات البشرة (بصيلات الشعر) بسبب تراكم الزيوت، وخلايا الجلد الميتة، والعرق فيها.,حب,بثور,Altibbi
" ""ملاحظة أخيرة كي يكون الأمر واضحا للكل: أنا الآن حر بالسراح المؤقت، أدعو الله تعالى بالفرج بمحكمة الاستئناف كي أنتهي من هذه القصة وأنجح في هذا الاختبار الإلهي، اللهم قوي إيماننا و صبرنا مهما كانت الظروف..",حر,طليق، غير مقيد‏.,cnn arabia
انظروا حال بعض أطفال سوريا يتعلمون في مخيم لا يقي من حر الصيف ولا برد الشتاء...,حر,سخونة، وحرارة.,lexicon.alsharekh
هم يحق لهم العيش في مجتمع حر بينما يعيش الفلسطينيون في العبودية.,حر,مستقل‏، يحكم نفسه بإرادته لا يتحكم فيه مستعمر.,cnn arabia
حسب باحثون وزن المجال التقني للأرض (بالإنجليزية: Technosphere) بـ30 تريليون طن، وهو ما يساوي أكثر من 50 كليو لكل متر مربع من سطح الكوكب.,حسب,عدّه وأحصاه,Reverso Dictionary
يوصي المجلس الأمريكي للتمارين بنسبة مختلفة من الدهون بحسب جنس الشخص ونشاطه البدني، كما هو موضح أدناه: الرياضيون: الذكور (6-13%)، الإناث (14-20%). غير الرياضيين (يتمتعون بالرشاقة): الذكور (14-17%)، الإناث (21-24%). النسب المقبولة أو الطبيعية: الذكور (18-25%)، الإناث (25-31%). الوزن الزائد: الذكور (26-37%)، الإناث (32-41%). السمنة: الذكور (38% فأكثر)، الإناث (42% فأكثر).,حسب,وَفقًا لـ,Altibbi
ولم تكن وظيفة ريام كساردة المشاركة أو المراقبة أو الإخبار حسب؛ بل كانت وظيفتها توجيه المسرودات أولا وتحريك الزمن ثانيا والقفز على السرد إلى خارجه بمقاطع ميتا سردية ثالثا وكل ذلك مرهون بكينونتها المؤنثة التي كانت تخاتل الآخرين لأجل اكتشاف الأسرار، وقد تغالب أهواء نفسها لتوكيد فاعلية دورها محاولة صنع قدرها بنفسها مرغمة الآخريات على تغيير مسارات اعتدن ارتياد مسالكها وألفن العيش والتعاطي معها باستسلام ورضوخ.,حسب,اسم فعل أمر بمعنى فقط، لا غير,nizwa
ذلك ما صرّح به راوي أقصوصة «ورقة من غزّة» وهو يعود ناديا ابنة أخيه في المستشفى بعد أن بترت ساقها :»كنت أعرف أنّ في الأمر شيئا أخفته عنّي أمّي وزوجة أخي، شيئا لم تستطيعا أن تقولاه بألسنتهما… شيئا عجيبا لم أستطع أن أحدّد أطرافه البتّة ! لقد اعتدت أن أحبّ ناديا، اعتدت أن أحبّ كلّ ذلك الجيل الذي رضع الهزيمة والتشرّد، إلى حدّ حسب فيه أنّ الحياة السعيدة ضرب من الشذوذ الاجتماعيّ»,حسب, ظَنَّهُ، اِعْتَبَرَهُ,nizwa
القَزَع: مصطلح يشير إلى التّفاوت في حلق شعر الرأس، وذلك بأنْ يُحلق بعضه وُيترك بعضه الآخر...,حلق,قص الشَّعْر أو إزالته.,lexicon.alsharekh
قتل عاطل بأسون ربة منزل بسبب حلق من الذهب...,حلق,ما يُعلَّق في شحمة الأذن من ذهب ونحوه للزينة.,lexicon.alsharekh
وقد أثمرت جهودهما عن إنتاج الطائرة ‘‘بيل إكس-1‘‘، وفي عام 1947، أصبح تشاك ييغر، بعد أن حلق بالطائرة في أول تجربة لها، فوق صحراء خالية تقع جنوبي كاليفورنيا، أول إنسان يصل إلى سرعة 1 ماخ.,حلق,حَلَّقَ الطائرُ ونحوه: ارتفع في طيرانه واستدار.,bbc arabia
تكون نتائج مسحة الحلق جاهزة خلال يومين إلى خمسة أيام، و بمجرد أن يتم نمو البكتيريا بعد زراعتها وتحليل النتيجة ييقوم الطبيب بإخبار المريض بها.,حلق,جزءٌ من القناة الهضميَّة يوصَل ما بين الفم والمريء، وهو مَسَاغ الطعام والشراب إلى المرِيء.,Altibbi
اندثرت البئر ذات مرة في العصر الجاهلي ولم يكتشفها أحد وقبل دخول الإسلام حلم جد الرسول عليه الصلاة والسلام عبد المطلب آنذاك بمن يدله على مكان البئر ويطلب منه فتح البئر وقد استيقظ وركض مهرولاً إلى جانب الكعبة وحفر في المكان الذي رآه في منامه حتى تحققت الرؤيا وتولى بنفسه سقايتها.,حلم,رآه في نومه,arabia weather
عانت عائشة جولهان جيلر من اضطراب ما بعد الصدمة، حتى إنها ما إن رأت في حلمها أن زلزالاً جديداً وقع في مدينة هاتاي التي تسكن فيها، أسرعت فوراً لتلقي بنفسها من شرفة المنزل.,حلم,ما يراه النائم في نومه,alqabas
وفيما نتذكر كل ضحايا الحرب العالمية الثانية والمحرقة ونتذكر المقاومة والقمع في فترة ما بعد الحرب، يحدونا الأمل أن يصبح الحلم والتسامح من المبادئ العالمية للعلاقات في ما بين الدول ومواطنيها.,حلم,تَعَقُّل‏، أناة.,Reverso Dictionary
وكانت هناك رغبة كبيرة من جانب وليد سليمان لتحقيق حلم انتقاله للأهلي، ووصل الأمر للضغط على مسؤولي إنبي ووزارة البترول المصرية، حتى انتهى به المطاف في المستشفى، متأثرا بوعكة صحية من شدة التعب.,حلم,رغبة أو أمنية أو هدف,arabia weather
يتم حساب حمل الأنابيب اعتماداً على تاريخ نقل الأجنة وتحديد موعد الولادة، بإضافة 38 أسبوع إلى تاريخ النقل ومن ثم طرح عمر الجنين المنقول، فإذا تم نقل الجنين في يومه الثالث فيجب طرح ثلاثة أيام من 38 أسبوع، أما في حالة نقل الجنين في يومه الخامس عندها يجب طرح 5 أيام من 38 أسبوع.,حمل,مُدَّة تكون فيها صغار الثدييات في أرحام أمهاتها.,Altibbi
"حمل أسامة ابنه وأخذ يركض ليتعرض هو للعرقلة الشهيرة من المصورة ""لم أكن أتصور أنها المصورة الصحفية. هل من المعقول أن يتصرف صحفي على هذا الشكل"" يعلق أسامة.",حمل,رَفَعَه.,aljazeera
من الطبيعي أن يكون للمولود الجديد الحاجة للاتصال بجسد أمه بعد أن قضى تسعة أشهر من حياته في أحشائها، فحمل الرضيع بالقرب من صدرك بطريقة دافئة وآمنة سيحيطه بهالة من الأحاسيس التي ستذكره بحياته داخل الرحم، حيث سيكون قادراً على اشتمام رائحتك، والشعور بنبضات قلبك، وسيشعر الثقة بالعالم من حوله من خلال ضمه برفق إلى صدرك، وهذه هي أفضل طريقة لمساعدته على أن يصبح أكثر استقلالية في المستقبل.,حمل,رَفْعه عن الأرض,Altibbi
الحمل هو حيوان ثديي من الأغنام ويتبع عائلة الأبقار ، ويعيش في البراري والأراضي العشبية ، وهو كبش وخروف صغير ، وتبدأ هويته في الظهور عندما يبلغ من العمر سنتين إلى خمس سنوات.,حمل,صغير الضأن.,3rabawy
أي مصيبة أعظم من عدم المحافظة على الصلاة!!. ونقول للسائل: لم لا تصلي؟ ألا تخاف من الله؟ ألا تخشى الموت؟. أما تعلم أن أول ما يحاسب عليه العبد يوم القيامة الصلاة، كما قال الرسول صلى الله عليه وسلم: ‘‘أول ما يحاسب عليه العبد الصلاة، فإن صلحت فقد أفلح وأنجح، وإن فسدت فقد خاب وخسر‘‘ رواه الترمذي وحسنه، وأبو داود والنسائي.,خاب,أخفقَ، فَشِل.,islamway
أعرب الرئيس التركي أنه قد خاب أمله إزاء موقف إدارة الرئيس الأميركي باراك أوباما حيال الأزمة السورية... ,خاب,حُرِم مما كان يرجو,lexicon.alsharekh
لا تبكي على زمان طال العمر فيه ولكن ابكي على صديقا خاب الظن فيه...,خاب,حَدَثَ منه خلاف ما يُتوَقَّع من فعل,lexicon.alsharekh
جريمة فندق الإسكندرية.. خدّر أطفاله وأغرقهم تاركاً رسالة,خدر,خَدَّرَ الطبيبُ المريضَ: أعطاه مادة مخدِّرة؛ لتعطيل إحساسه.,alarabiya
والخمر يخدر العقل ويغيبه فكان من الحكمة والعظمة تحريمها...,خدر,خَدَّرَ الشرابُ فلانًا: سبب له الفتور والاسترخاء.,lexicon.alsharekh
خدر الأطراف هو إحساس غير طبيعي يمكنه إصابة أي جزء من الجسم، ولكنه يصيب بصفة خاصة كل من الأصابع واليدين والساعدين والقدمين والساقين، وهو غالبا ما يترافق مع الإحساس بوخز دبابيس وإبر و”تنميل” وحرق، بالإضافة إلى ضعف في الساعد أو اليد أو القدم أو الأصابع.,خدر,كسَل، وفتور يصيب الجسم.,Shifaa
بحسب الصحيفة، فإن أميتاي دان، الباحث في أمن المعلومات، كان أول من كشف عن هذه الثغرة الأمنية، وطالب جهاز الشاباك والمسؤولين عن أمن رئيس وزراء حكومة الاحتلال الإسرائيلي بالتحقيق في القضية، وفهم كيفية حدوث هذا الخرق.,خرق,القانون: تجاوزه، وتخطيه بارتكاب جرم يُعاقِب عليه القانون.,arabic post
في حال خرق القرحة لجدار المعدة تصبح في غاية الخطورة، وستفرغ المعدة عندها جميع محتوياتها في الكتف البطني، ومن ثم يبدأ التهاب الصفاق.,خرق,إحداث شقٍّ أو فرجة في الجدار ونحوه.,Altibbi
اتهمت حكومة نيبال المتمردين الماويين السابقين بخرق اتفاقية سلام أنهت تمردا استمر لمدة عقد في تلك الدولة الواقعة في الهيمالايا.,خرق,العهد ونحوه: نَقْضه، ومخالفته.,aljazeera
ينبغي لكل شخص أن يعامل الآخرين باللطف والمروءة، فهذا يعد من خلق الإنسان الحسن.,خلق,سَجِيَّة، وطَبْع,lexicon.alsharekh
ترامب: أنا أكثر البشر الذين خلقهم الله.. صِدقاًلقد خلق الله الإنسان خلقاً جمع بين المادة والروح، ولقد أثبتت بحوث العلماء التي تم إجراؤها على هذا المخلوق أنه مكون من جسم مادي وروح شفافة، جسم مشدود إلى الأرض وروح تتطلع إلى السماء، جسم له دوافعه وشهواته وروح تسمو به نحو الله، جسم له مطالب الحيوان، وروح لها أشواق الملائكة، ونفس لها طبيعة مزدوجة تحتوي على معنويات الخير والشر، والتقوى والفجور,خلق,أبدعَه، وأوجده من عدم,aljazeera
يساهم كل من الصيام ونظام الأكل منخفض الكربوهيدرات في خلق وسط مليء بالكيتونات وهي مواد كيميائية يفرزها الكبد في جسم الإنسان لإنتاج الطاقةّ، مما يتسبب في رائحة الفم الكريهة.,خلق,إبداع، إيجاد من عدم,Shifaa
 تحمل ليالي شهر رمضان المبارك هذا العام فرصة لرصد عدد من الأحداث الفلكية الممتعة بالعين المجردة دون الحاجة إلى أدوات فلكية متخصصة، ما يذكرنا بعظمة خلق الله في الكون، ومن هذه الأحداث وصول كوكب عطارد في أقصى استطالة شرقية له مساء يوم الثلاثاء، فماذا يعني ذلك؟,خلق,كل مخلوق,arabia weather
الطائف على الكعبة : حقيقة أنها دار حول نفسه وحول الكعبة كدوران القمر حول الأرض ولهذا لا نشاهد إلا وجهاً واحداً للقمر,دار,طافَ حول الشيء او أو تحرك,arabia weather
"بينما دار نقاش آخر حول كتاب ""طرق الحرير، تاريخ جديد للعالم"" للمؤرخ البريطاني بيتر فرانكوبان (ولد في عام 1971) وهو مؤرخ بريطاني معروف، وأستاذ التاريخ العالمي في جامعة أكسفورد، وكاتب مقالات ومساهمات منتظمة في نيويورك تايمز والغارديان وتشاينا ديلي، وكتبه دائما ضمن قائمة الكتب الأكثر مبيعا",دار,دَارَ الكلامُ بينهم: تبادلوه,aljazeera
كتبت هانا ماليار نائبة وزير الدفاع الأوكراني -عبر تطبيق تليغرام- أن قتالا عنيفا دار أمس الخميس في جميع المناطق على الجبهة الشرقية، وأضافت أن قوات موالية لكييف تصدت للهجمات في أغلب تلك المناطق.,دار,جرى وحَدَثَ,aljazeera
“اللهم اجعلنا هادين مهتدين، غير ضالين ولا مضلين، سلمًا لأوليائك، وحربًا على أعدائك، اللهم يا ذا الحبل الشديد، والأمر الرشيـد، أسألك الأمن يوم الوعيد، والجنة دار الخلود مع المقربين الشهود، الركع السجود، الموفين بالعهود، إنك رحيم ودودٌ، وإنك تفعل ما تريد”.,دار,مسكن او منزل او بناء,arabia weather
مثلما نتناول وجباتنا المفضلة خارج المنزل، تلتهم أيضا تلك المطاعم جزءا ضخما من الميزانية شهريا، فأنت مضطر ليس فقط لدفع قيمة الوجبة، وإنما المساهمة في دفع أجور العمال وإيجار المطعم وفواتير الكهرباء والنظافة,دفع,إعطاء الدائن ماله، قَامَ بِدَفْعِ مَا عَلَيْهِ,aljazeera
ولكنه ذهب في النهاية وفعلها ويبدو بأن علاقاته كانت جديدة جداً مع هؤلاء أصحاب الفروع. المهم سيقول له أنه لم يخرج من تلك الورطة إلا بعد تدخل أحد الأشخاص الذي دفع مبلغاً ليس بالقليل مقابل الإفراج عنه ..,دفع,دَفَعَ فلانُ المال أو الدَّينَ: أدَّاه وسدده,alarabi
بدأت مسيرة نتفليكس مع السلاسل الوثائقية الطويلة في عام 2015، مع سلسلة ‘‘صناعة القاتل‘‘، والتي حظيت بنجاح شعبي هائل، دفع الشركة الأمريكية إلى مزيد من الاستثمار في إنتاج السلاسل الوثائقية التي تدور كل واحدة منها حول موضوعة معينة، وتتألف من عدة حلقات، لتتبع الشركة عملها الأول الضخم ببرنامج تسجيلي ثان حمل عنوان: ‘‘الحراس‘‘ (حظي بنجاح نقدي أقل من العمل السابق، فيما يبقى عدد مشاهدي البرنامج غير معروفة، اذ تمتنع نتفليكس عن الافصاح عن أرقامها).,دفع,دَفَعَ فلانٌ أو كذا فلانًا: حَفَّزَهُ وشجَّعَهُ.,aljazeera doc
حصل المرشح الجمهوري مت رومني على قوة دفع كبيرة في حملته لنيل ترشيح حزبه له في انتخابات الرئاسة عندما أعلن جون ماكين عن مساندته له وسط ارتفاع حرارة المنافسة بين المرشحين أمس الأربعاء، حيث فاز رومني على أقرب منافسيه بفارق ثمانية أصوات فقط في انتخابات ولاية أيوا.,دفع,تحفيز وتشجيع,aljazeera
الدعاء من العبادات التي جعل الله تعالى لها أهمية كبرى في حياة المسلم، لما لها من أثر كبير في الدنيا بدفع البلاء ورفع المصائب، وفي الآخرة من أجر كبير وثواب جزيل، ولذلك نرى أن النصوص القرآنية قد أمرت بها وحثت عليها، بل جاء التخويف من تركها والإعراض عنها، قال تعالى: {وقال ربكم ادعوني أستجب لكم إن الذين يستكبرون عن عبادتي سيدخلون جهنم داخرين} [غافر: 60],دفع,"إبعاد, تنحية",aljazeera
على الجانب الأخر، بلغ التوتر حول القضايا الاقتصادية بين البلدين أوجه عندما فرضت إدارة ترمب تعريفة جديدة بنسبة 10 في المائة على سلع صينية بقيمة 200 مليار دولار في الأسبوع الماضي، مما دفع الصين إلى إعلان تعريفة على 60 مليار دولار من السلع الأميركية.,دفع,اضطره إليه.,aawsat
أكدت مؤسسة أمراض الكبد الألمانية أن‬ ‫إجراء بعض التغييرات البسيطة على أسلوب الحياة يعود بالنفع على صحة‬ ‫الكبد، فعلى سبيل المثال يمكن الحفاظ على صحة الكبد من خلال استبدال‬ ‫دقيق الحبوب الكاملة بالدقيق الأبيض، مع الإكثار من الخضروات والفواكه.‬,دقيق,مسحوق أبيض ناتج عن طحن الحبوب كالقمح والذرة، ويقال له في بعض البلاد : طحين.,aljazeera
تمر البحرين بظرف سياسي واقتصادي دقيق، وأحكام الإعدام تزيد من تعقيد المشهد...,دقيق,صعب، وغامض‏.,lexicon.alsharekh
"في بحث نشر في دورية ""إينرجي آند إنفايرومنتال ساينس"" (Energy & Environmental Science)، قام باحثون من ""جامعة كمبريدج"" (University of Cambridge) في المملكة المتحدة باستخدام أنواع منتشرة من الطحالب الخضراء المزرقة لتشغيل معالج حاسوب دقيق بشكل مستمر لمدة عام باستخدام لا شيء سوى الضوء المحيط والماء",دقيق,محكَم، ومضبوط‏.,aljazeera
بينت دراسة قامت بها رابطة أمراض الحساسية وداء الربو الألمانية أن استعمال الحصائر والسجادات في البيوت يزيد من خطر ارتفاع نسبة الغبار الدقيق -الذي يرتبط بحشرات القراد- في البيوت، مقارنة بالبيوت التي تكون أرضيتها من الحجر أو الخشب أو مواد أخرى,دقيق,ضئيل الحجم.,aljazeera
يُصفى الزيت من الجرجير و يتم دهن الزيت على الشعر بشكل جيد، ولا بد من الاهتمام بتدليك فروة الرأس جيدا ثم غسل الشعر بالماء والشامبو. ,دهن,دهن الشعر ونحوه: تدليكه,arabia weather
يتم دهن الجدار إما بفرشاة الدهان أو الاستعانة بماكينة رش لتغطية أفضل,دهن,دهن الجدار ونحوه: طلاؤه,lexicon.alsharekh
ونظرا لتقدم علوم تغذية الحيوان تدريجيا ومعرفة نظريات التسمين وتكوين الدهن وأهمية جودة اللحوم بدأت تنتشر المزارع المتخصصة لتربية وتسمين حيوانات اللحم الكبيرة و الصغيرة .,دهن,مادة زيتية دسمة,ainagri
بحسب البيانات التي نشرها المنتدى الاقتصادي العالمي لعام 2019، تهيمن المسيحية على الأميركيتين وأوروبا والنصف الجنوبي من أفريقيا، بينما يعدّ الإسلام الدين الأوسع انتشارا في سلسلة من البلدان تمتد من شمال أفريقيا عبر الشرق الأوسط إلى إندونيسيا.,دين,اسم عام لجميع المعتقدات والملل التي يُتَعَبَّد بها إلى الله سبحانه وتعالى.,aljazeera
مرر مجلس النواب الأميركي في وقت متأخر الأربعاء مشروع قانون لرفع سقف الدين العام في الولايات المتحدة، بعد أن تجاوز البيت الأبيض السقف الحالي البالغ 31.4 تريليون دولار.,دين,مبلغ مالي يقترضه الشخص من شخص آخر على أن يسدده آجلا.,aljazeera
تعد الصلوات والأذكار والعبادات المختلفة جزءًا لا يتجزأ من خياة هذا الشخص الديّن الذي يحرص على تطبيقها بشكل يومي.,دين,مُتَمَسِّكٌ بِأَهْدابِ الدِّينِ,gpt
كشفت إدارة الطيران والفضاء الأميركية (ناسا) أن مناطق جليدية شاسعة بالقطب الجنوبي المتجمد ذابت صيف عام 2005 بفعل ارتفاع درجات الحرارة مدة أسبوع.,ذاب,ذَابَ الثلجُ ونحوه: سال عن جموده.,aljazeera
رأت الصحيفة أنه حتى لو لم يقر المشروع الفلسطيني في مجلس الأمن بسبب الفيتو الأمريكي، وحتى لو ذاب مثلما ذابت مبادرات سابقة فإن القيادة الفلسطينية اقتطفت منذ الآن إنجازا دبلوماسيا كبيرا.,ذاب,ذَابَ فلانٌ في المجتمع أو الجماعة ونحوهما: اندمج وانخرط فيه.,aljazeera
"أذكر حين قلت لها يوماً: ""كم ستكونين جميلة بالأبيض في اليوم الموعود ولا أدري من سيجمّل الآخر فيكما؟!"" فتبسمت خَجِلة وقالت بعينيها قبل أن تنطق شفتيها: ""أنت من سيُجمّل كلانا!"" ذاب قلبي وشعرت بقلبي يطير نحو الغيوم السابحات في الفضاء لا يحكمه شيء في الدنيا! قبَّلتْ عينيّ عينيها طويلاً والبسمة على شفتينا تبارك اللحظة! كم تمنيت العناق حينها ولا أدري كيف امتنعت، ربما لم يمنعني عنه سوى خوفي على جسدها الرقيق من طوق أضلعي.",ذاب,ذَابَ القلبُ: رقّ وتعذَّبَ.,aljazeera
عند القيام بتجربة على تأثير درجة الحرارة على مادة الملح فاننا نلاحظ كلما زادت درجة الحرارة كلما ذاب الملح بشكل اسرع فالحرارة العالية تساعد في سرعة الذوبان لبعض المواد مثل السكر والملح مقارنة بذوبانهم في درجة حرارة عادية .,ذاب,ذَابَ السكرُ ونحوه: تحلل داخل السائل واختفى.,elmmrr
وفي السياق، ذكر ملحم أن دوام الموظفين العموميين خلال شهر رمضان سيكون من الساعة 9 صباحًا حتى الثانية بعد الظهر.,ذكر,ذَكَرَ فلانٌ الأمرَ: أورده.,arabia weather
حتى لو وصلت إلى سن البلوغ متأخرًا، فمن غير المرجح أن تستمر في الطول بعد سن 18 إلى 20 عامًا! ما هو السن الذي يبدأ فيه نمو طول كل من الذكر والأنثى؟,ذكر,الجنس الذي لا يلد، خلاف الأنثى.,Shifaa
ورويا عن أبي موسى قال: خسفت الشمس فقام النبي ـ صلى الله عليه وسلمـ وقال: (إذا رأيتم شيئًا من ذلك فافزعوا إلى ذكر الله ودعائه واستغفاره).,ذكر,ذِكْر اللهِ: ثناء عليه.,arabia weather
قم بتخصيص وقت محدد للمشي يوميا، واجعله أمرا روتينيا. لكن،‌ لا تقلق بخصوص الأيام الضائعة، سواء كنت تنسى أحيانا أو منعتك وعكة صحية فلا تستسلم. ذكر نفسك بفوائد المشي والشعور الناتج عنه من رضى عن النفس وعد إلى روتينك.,ذكر,أقدره على استرجاعه واستحضاره.,Shifaa
ارتفعت أسعار الذهب عند تسوية تعاملات الخميس، بعد بيانات اقتصادية تزيد التوقعات باقتراب وقف رفع معدلات الفائدة.,ذهب, عنصر فلزي، أصفر اللون,argaam
طفلةٌ فرحَتْ بالصّندوق الخشبيّ، الذي أنزله رجال الإسعاف من السّيارة، ركَضَتْ خلف الصّندوق المحمول على الأكتاف، كانت تقول لهم: انتظروني! أبي أخبرني بأنّه سيرسل إليّ صندوقاً من الهدايا، أخبرني بذلك عندما ذهب إلى مشفى المدينة في مرضه الأخير منذ شهر.,ذهب,انصرف وغادر المكان,alarabi
ذهَّب الصائغُ المعدنَ,ذهب,طلاه وغطاه بالذهب,almaany
اعتدى مجهولون على منزل لرئيسة مجلس النواب الأميركي نانسي بيلوسي في مدينة سان فرانسيسكو بولاية كاليفورنيا، حيث شوهوا مدخل المرآب ببعض الكتابات ووضعوا رأس خنزير ملطّخ بدم مزيف أمامه.,راس,جزء من جسد الانسان و الحيوان,aljazeera
اكتسب الاحتفال برأس السنة الأمازيغية الجديدة -في الآونة الأخيرة- أهمية إضافية باعتباره وسيلة لإرساء حيوية هوية ثقافية,راس,أَول، وبدء,aljazeera
"أرست كل من ""قطر للطاقة"" وشركة شيفرون فيليبس للكيماويات، اليوم الأربعاء، عقد تجهيز الموقع لمشروع راس لفان للبتروكيماويات على ""شركة اتحاد المقاولين"" (CCC).",راس,اسم منطقة، ويأتي مركبا مع كلمة أخرى.,aljazeera
ويشار إلى أن احتياطي الصين، الأكبر في العالم، أظهر تقلبات متوسطة في القيمة هذا العام في ظل استقرار تطبيق القيود على رأس المال، واتخاذ صانعي السياسات إجراءات للعمل على استقرار العملة المتراجعة في قيمتها، بالإضافة إلى التوقعات السيئة بشأن اندلاع حرب تجارية والشعور السلبي المحيط باقتصاد الصين.,راس,أصل,aawsat
قال البابا في رسالة بعث بها اليوم إلى رأس الكنيسة القبطية الأرثوذكسية أن التقدم نحو المصالحة يُعزَّز بالشهادة التي توحد المسيحيين في مواجهة التحديات العالمية المشتركة.,راس,سيد وزعيم,Reverso Dictionary
معاون سابق للمغني آر كيلي أكد أنه رشا موظفاً للزواج من آليا القاصر,رشا,أعطاه رشوة لقضاء مصلحة أو لإبطال حق أو لإحقاق باطل,alaraby
كيفية توبة الموظف المرتشي من الرشا والهدايا,رشا,ما يُعطى بدون حق لقضاء مصلحة أو لإحقاق باطل أو لإبطال حق.,islam online
تقدم لنا الصيدلانية رشا مناصرة في فقرة مفيدة عبر برنامج جوّك بعض النصائح لاستخدام آمن لقربة الماء الساخن، وطرق معالجة الحروق الناتجة عنها,رشا,اسم علم مؤنث ومعناه الظبي أي ابن الغزال,arabia weather
حيوان رشا هو اسم آخر للظبي المعروف أنه من فصيلة الغزلان إلا أنه يتميز عن الغزلان في امتلاكه لقرون طويلة فوق راسه وهو سريع للغايه و يتغذى على النباتات .,رشا,ولد الغزال والظبي الصغير,fekera
كما ان على المشترك استخدام قلم الرصاص فقط في تظليل إجاباته على ورقة الماسح الضوئي، علمًا أن ورقة الماسح الضوئي هي المعتمدة فقط لدى وزارة التربية والتعليم لاحتساب علامة المشترك لأسئلة الاختيار من متعدد.,رصاص,مادة الجرافيت أو الكربون المخلوطة بالطين والتي تستخدم لإنتاج النواة الداخلية لقلم الرصاص,arabia weather
أفادت خدمة المطافئ في نيويورك بارتفاع عدد جرحى إطلاق النار ببروكلين في نيويورك إلى 16، بينهم 8 إصاباتهم مباشرة بالرصاص.,رصاص,جمع كلمة (رَصَاصَة)، طلقة يُرْمَى بها بواسطة آلة كالمسدس ونحوه.,aljazeera
"وثبت أن هذه الشركات تستخدم -على الأقل- أخطر ثمانية معادن على حياة الإنسان، وهي: الزرنيخ، والكادميوم، والرصاص، والزئبق، والنيكل، والبريليوم، والسيلينيوم، والثاليوم، وهي مواد محظور استخدامها في مستحضرات التجميل إلا وفق حدود مشروعة، وتصنف ""مواد سامة"" في كندا، لكنها تأتي مع المنتجات المستوردة من أميركا. ",رصاص,عنصر فلزي لين يقاوم التآكل ويُستخدَم في صنع أقطاب بطاريات لسيارات,aljazeera
رمى المتمون من حجاج بيت الله الحرام جمرات يوم التشريق الثالث بمشعر منى في جو انسيابي موزعين على جسر الجمرات بطوابقه الخمسة.,رمى,أَلْقاه,aljazeera
رمَى بحبله على غاربه,رمى,تركه و خلاه,almaany
مَنْ رَمَى أَخَاهُ بِذَنْبٍ قَدْ تَابَ إِلَى اللَّهِ جَلَّ وَعَزَّ مِنْهُ لَمْ يَمُتْ حَتَّى يَبْتَلِيَهُ اللَّهُ بِهِ,رمى,اتهمه,almaany
"في النظرية الرياضياتية للعمليات العشوائية, يكون الزمن المحلي (بالإنجليزية: local time)‏ هو عبارة عن خاصية لعملية الانتشار مثل الحركة البراونية التي تميز الزمن التي تقضيها الجسيم عند مستوى معين.",زمن,توقيت,wikipedia
"سابقت أوروبا والصين واليابان ودول أخرى الزمن لإجلاء رعاياها من العاصمة السودانية الخرطوم، الإثنين 24 أبريل/نيسان 2023، فيما حذَّر الأمين العام للأمم المتحدة، أنطونيو غوتيريش، من خطر ""تصاعد كارثي للحرب"" ينذر بتداعيات أوسع، وحث القوى الدولية على ممارسة أقصى قدر من الضغوط من أجل السلام. ",زمن,وقت قصير أو طويل، زمان.,arabic post
إنّ متابعة خطاب منظّمة «حزب الله» من الناحية الدستورية، باتت ذات أهميّة قصوى لاستشراف خارطة الطريق التي تعمل وفقها هذه المنظمة. فبنهاية المطاف، هذا المسار الدؤوب من العمل الذي دخل عقده الرابع قد أينع وحان زمن القطاف.,زمن,مَوسِم,nidaa alwatan
في كثير من الأحيان، عندما يبدأ الزوج في تجاهل زوجته، تبدأ هي الأخرى في التعامل الصامت ولا تتكلم إلا ما ندر. ولكن هذا ليس حلا، عليك أن تكوني الشخص الذي يتخذ الخطوة الأولى من خلال التواصل ومواجهة المشكلة والتوصل إلى حل معا.,زوج,رجل المرأة أو امرأة الرجل,aljazeera
شكّل القرويون لجنة صغيرة وأجروا مسحاً في جميع منازل القرية، وسجلوا عدد حدوث ولادة التوائم في قريتهم، وللدهشة كان هناك حوالي 280 زوجاً من التوائم في ذلك الوقت,زوج,اثنان من النوع نفسه,arabic post
قررت السلطات المصرية إحالة إمام مسجد زوّج 27 فتاة قاصر لمحاكمة عاجلة.,زوج,أنكحه إيّاها,aljomhouria
يسكر دون خمر حير مواطن بريطاني في الحادية والستين من عمره الأطباء، فهو يعاني حالة نادرة تنتاب فيها الإنسان حالة من السكر من دون ان يكون قد تناول مشروبات كحولية،,سكر,سَكِرَ فلانٌ: غاب عقله وإدراكه,alqabas
شرب في أوقات غير مناسبة، والسلوك الناجم عن انخفاض الحكم، يمكن أن يؤدي إلى عواقب قانونية، مثل توجيه اتهامات جنائية لفي حالة سكر القيادة أو الإخلال بالنظام العام، أو عقوبات مدنية للسلوك التقصيرية، ويمكن أن يؤدي إلى عقوبة جنائية.,سكر,غياب العقل,Reverso Dictionary
يتوفر سكر ستيفيا على شكل أقراص أو بودرة، والذي يمكن إضافتهما إلى جميع أنواع المشروبات والأطعمة,سكر,مادةٌ حلوةٌ,Altibbi
ولتقليل مخاطر اصطدام الطائرات بسحب الرماد لبراكين كامتشاتكان ، تم إنشاء مشروع KVERT الدولي ، الذي يقدم خدمة الإنذار المبكر للطائرات بشأن الخطر البركاني، إذ يقوم العلماء بتحليل بيانات الرصد وصور الأقمار الصناعية والبيانات المرئية للبركان، ويتم إرسال المعلومات والتنبيهات للمعنيين، مما سمح بإخطار الخدمات الجوية في الوقت المناسب وتجنب المخاطر المحتملة على الطائرات.,سمح,أجاز وأتاح,arabia weather
كن سمحًا إنْ آذاك أحدهم فلا تحاول إيذاءه، ولا تسعَ إلى الانتقام؛ إنَّ محاولة الانتقام ستكلِّفك الكثير، ستجعلك تعاني وأنت في غنى عن ذلك!,سمح,رَحْب الصدر‏، متساهل,alukah
يعدّ نبات السمح (الاسم العلمي: Mesembryanthemum) نباتاً عشبياً أخضر اللون، وله عصارة، وسيقان، وأوراق طويلة، وأزهار بيضاء.,سمح,نبات السمح,Altibbi
الأمير السمح.. مصاب الإنسانية كلها وليس الكويت وحدها...,سمح,عطّاء، كريم.,lexicon.alsharekh
"أوضحت بوابة التقنيات ""تيك ستيدج. دي"" الألمانية أن موديلات ""آيفون 12"" الجديدة من ""آبل"" (Apple) تأتي مزودة بكابل له طرفان، أحدهما ""يو إس بي-سي"" (USB-C)، والآخر ""لايتننغ"" (Lightning)، مشيرة إلى أنه ليست هناك ضرورة لشراء شاحن جديد طالما أن هناك شاحنا مزودا بمنفذ ""يو إس بي-سي"" لدى المستخدم",شاحن,جهاز لشَحْن البطّاريّة,aljazeera
غير أنه تجدر الإشارة إلى أنه لا يمكن إجبار أي شاحن على قبول عقد حجمي.,شاحن,شَاحِنُ البَضَائِعِ : مَنْ يَشْحَنُهَا,Reverso Dictionary
شَاحَنَ زيدٌ سعدا,شاحن,باغَضَهُ وعاداهُ ونافسه في الكسب,Qamus lmour
الإسماعيلي يشرط على محمد عواد الاعتذار لجماهير الإسماعيلي إن أراد العودة للدراويش...,شرط, اشترطه عليه وألزمه إيَّاه,lexicon.alsharekh
ان الحرية شرط أساسي لتحقق الوجود الإنساني ولا يمكن تصور ذلك الوجود خارجها. فالإنسان لا يكون إنسانا إلا باعتباره كائنا حرا,شرط,ما لا يتم الشيءُ إلا به ، ولا يكون داخلاً في حقيقته.,aljazeera
"تشمل الجوانب الأخرى من الإصلاح تسهيل إثبات إجادة اللغة الألمانية لفئات معينة من الأجانب، وإلغاء شرط اختبار التجنيس لمن بلغوا 67 عاما، وهي خطوة تتعلق بمن يعرفون باسم ""العمال الضيوف"" الذين وصلوا إلى ألمانيا في خمسينيات القرن الماضي ولم يتم منحهم دورات في اللغة أو الاندماج على الإطلاق، على افتراض أنهم سيعودون في ما بعد إلى بلدانهم الأصلية، وينحدر معظمهم من تركيا.",شرط,ما يوضع ليُلتزَم به في بيع أو نحوه.,aljazeera
"وقال المعهد الفلكي، في بيان له: إن "" الهزة الأرضية التي شعر بها سكان مدينة الغردقة حدثت في تمام الساعة 01:58 صباحًا بالتوقيت المحلي"".",شعر, أحَسَّ به وعَلِمَ,arabia weather
يمكن استخدام ChatGPT لإنشاء محادثات آلية متقدمة، أو لإنشاء محتوى نصي متنوع، مثل مقالات أو قصص أو حتى شعر.,شعر, كلام موزون مُقفَّى قصدًا,arabia weather
يعتبر استخدام الخيط من الطرق القديمة والفعالة لإزالة الشعر غير المرغوب به في الأماكن الصغيرة، مثل الحاجبين أو الشفة العليا,شعر,هي الشَّعَرة الرقيقة الناشئة من بصيلة الشَّعر، وهي تعتبر جزءاً من الجلد,Altibbi
رغبت جوزفين بقوة في أن تحصل النساء على ذلك الاختراع في مطابخهن لتخفيف العبء والمهام الشاقة المتعلقة بغسل الصحون وأدوات المائدة.,صحن,إناء من أواني الطَّعام,aljazeera
أثير في المملكة العربية السعودية جدل بشأن صلاة النساء في صحن الكعبة المشرفة بالمسجد الحرام في مكة المكرمة حيث يختلط النساء والرجال أثناء الصلاة والطواف.,صحن,ساحة وسط المسجد صَحْن الدَّار,aljazeera
يعد الطبق أو الصحن اللاقط المستخدم في التقاط إشارات الأقمار الاصطناعية أبسط أنواع التلسكوبات الراديوية، فهو يلتقط إشارات غير مرئية من الفضاء ويحوّلها إلى معلومات وصور وأصوات، وهذا هو المبدأ الذي يقوم عليه التلسكوب الراديوي.,صحن,الوعاء العميق والمسطح الذي يستخدم كمجمع للإشارة الكهرومغناطيسية المرسلة من الفضاء الخارجي أو من الأقمار الصناعية أو الأجسام السماوية الأخرى,aljazeera
قد تم تصنيف صوت هذا الطائر على أنه أكثر صوت صاخب في العالم، والذي يستعمله بشكل خاص من أجل جذب الإناث إليه بهدف الزواج.,صوت,كل ما يُسمع‏.,arabic post
البرلمان التونسي الجديد ينتخب إبراهيم بودربالة رئيساً له.. فاز في جولة تصويت ثانية بـ83 صوتاً من أصل 150,صوت,رأي وقرار.,arabic post
"قالت الوزارة إن ""مجلس حقوق الإنسان صوت لصالح اعتماد قرارين حول حق الشعب الفلسطيني في تقرير مصيره، وعدم شرعية المستوطنات الإسرائيلية في الأراضي الفلسطينية المحتلة"". ",صوت,أيَّده بإعطائه صوته في الانتخاب.,arabic post
نقلت الشبكة عن مصادر مطلعة قولها إن معاوني بايدن يبحثون عن مستندات أخرى قد تكون في مواقع أخرى بعد ضبط أوراق سرية في نوفمبر/تشرين الثاني في مركز أبحاث بواشنطن.,ضبط,حَجْزها ومصادرتها.,aljazeera
أعلنت السلطات الأميركية أنها ضبطت نحو 16 طنا من الكوكايين تقدر قيمتها بأكثر من مليار دولار في مداهمة لسفينة راسية في أحد موانئ فيلادلفيا.,ضبط,حجَزَه وصادَرَه,aljazeera
واستنادًا على ما سبق فإن حماس ستكون حريصة أيضًا على بقاء التهدئة مع إسرائيل، والتي توصلت إليها حماس برعاية مصرية بعد عملية ‘‘الجرف الصامد‘‘، وذلك من خلال الالتزام بأعلى درجات ضبط النفس، حتى لا يؤثر التصعيد العسكري على جهود الانفراج في العلاقات بين الجانبين.,ضبط,كَبْحها والسيطرة عليها,acpss ahram
"وفقا لقانون الجنايات المصري فإنه ""يحق للنائب العام أن يصدر قرارات بضبط وإحضار كل من يشتبه في أنه عمل تخريبي أو إهدار دم"" ومن حقه أيضا اتخاذ الإجراءات والقرارات للحفاظ على الأمن وتكليف الجهات الأمنية بالقبض على كل من يخل بأمن وأمان البلاد.",ضبط,القَبْض عليه.,aljazeera
"وفقا لما جاء في موقع ""بارنتنغ ساينس"" (Parentingscience)، فقد عُرّف ضبط النفس بطرق عدة، مثل قوة الإرادة، والانضباط الذاتي، أو الضمير، ولكن الأهم من يضبط نفسه لديه القدرة على تنظيم النفس.",ضبط,كَبَحَها وسيطر عليها‏.,aljazeera
قال نادي السيارات الألماني (ADAC) إن ضبط‬ ‫مقعد السيارة بصورة صحيحة يجنب السائق آلام الظهر، بينما وضع المقعد‬ بشكل خاطئ يعيق قدرة الاستجابة في حالات‬ ‫الطوارئ.‬,ضبط,تعديل,aljazeera
"تبرز القدرة على ضبط الحدود اليمنية ومنع وصول السلاح إلى جماعة الحوثي، كأكبر تحد لقوى التحالف العربي بعد إعلانها انتهاء عملية ""عاصفة الحزم""، وتأكيدها زوال أي تهديد على السعودية والدول المجاورة، وتدشين مرحلة جديدة من الحرب ضد الحوثيين.",ضبط,الإجراءات التي يتخذها مجتمع ما لرقابة سلوك الأفراد فيه,aljazeera
الدكتور الشيخ سليمان ربيع (1911-1988) هو بلا جدال أبرز العلماء العاملين في مجال الخدمات العامة والاجتماعية، فقد أنجز وحده ما عجزت مؤسسات كاملة عن إنجازه، وضرب المثل الأعلى لنشاط العلماء العاملين في المجتمع في عصر الشمولية، فتمكن من قيادة جمعية الخلفاء الراشدين التي أسسها، واستطاع من خلالها إنشاء 15 مسجدا متميزا في حي مصر الجديدة تمثل بكل وضوح فكرة المسجد الجامع ذي المعمار الفائق الأصيل والحديقة المحيطة المهندسة والمئذنة المتميزة، والمحاط بعد هذا كله بمؤسسات الخدمة الاجتماعية، مع التعبير الواضح والذكي عن جماليات العمارة الإسلامية، وروعة البناء المخلص، واختيار الموقع المؤثر.,ضرب,بيَّنَه، أو ذَكَرَه للاعتبار,aljazeera
وذكرت دراسة نشرتها صحيفة ديلي تلغراف البريطانية الأحد أن الطفل إذا تعرض للضرب غير المبرح والتأنيب حتى سن السادسة من العمر يتحسن أداؤه في المدرسة ويصبح أكثر تفاؤلاً ونجاحاً من نظرائه الذين لا تتم معاملتهم بهذه الطريقة.,ضرب,عمل عدائي، اللطم والصفع وما شابه,aljazeera
من ضرب امرأته عمدًا قُضي عليه بما جرى من حق، وهو يختلف باختلاف البلدان.,ضرب,صدَمَه وخبَطَه,aljazeera
وكان التسونامي ضرب فجأة مساء السبت سواحل مضيق سوندا الذي يفصل بين جزيرتي سومطرة وجاوة. وأدت الكارثة إلى سقوط 281 قتيلا وأكثر من ألف جريح إلى جانب 57 مفقودا حسب حصيلة جديدة يتوقع أن ترتفع.,ضرب,ضَرَبَ الأمرُ البلادَ ونحوها: أَثَّرَ عليها سلبا,afp
حضري المائدة لقد طاب الطعام والضيوف منتظرون من وقت طويل...,طاب,طَابَ الطعامُ: صار لذيذا، نضِج.,lexicon.alsharekh
أسلم عمر وطاب قلبه بعد أن كان أشد الناس عداءًا وكراهية للإسلام...,طاب,طَابَ قلبُ فلانٍ: خلص من الضغينة.,lexicon.alsharekh
ثُمَّ أُثِيبُهُ حَتَّى يَرْضَى قَالَ: الْآنَ طَابَتْ نَفْسِي,طاب,طَابَت نفسُ فلانٍ: أصبح راضيا.,almaany
و سُئل عن السُّكْر فقال: إِذا طاشت رِجْلاه و اختلطَ كلامُه,طاش,خفّ أو طاف  على سطح الماء,Qamus Inour
إِنَّ الشخص إِذَا طَاشَ فُقِدَتِ الْحُرَقَةُ,طاش,عقله: جهل وأخطأ، نزق,almaany
من تفكر في عظمة الله عز وجل، طاش عقله؛ لأنه يحتاج أن يثبت موجودًا لا أول لوجوده، وهذا شيء لا يعرفه الحس؛ وإنما يقر به العقل ضرورة، وهو متحير بعد هذا الإقرار، ثم يرى من أفعاله ما يدل على وجوده، فلا يخفى وجوده.,طاش,خفَّ وذهبَ,shamela
أكدت وزارة الخارجية الأميركية أن واشنطن لن تطبّع علاقاتها مع نظام الرئيس بشار الأسد في سوريا، في ظل غياب تقدم حقيقي لحل سياسي,طبع,طَبَّعَ فلانٌ العلاقاتِ: جعَلها طبيعية عادية‏.,aljazeera
من طبع قلبه على القسوة والأنانية لا تضيره دموع المساكين والجوعى...,طبع,طَبَّعَ فلانٌ فلانًا على كذا: عوَّده عليه‏.,lexicon.alsharekh
بداية يجب علينا أن نتشبع بفكرة تقول: إن تغيير العادات أمر ممكن، على خلاف ما هو شائع بين الناس من أن الطبع تحت الروح، ولا يزول إلا بخروج الروح,طبع,"سجية, خُلُق أو عدم التكلف‏.",aljazeera
أكد مظهر محمد صالح مستشار رئيس الوزراء العراقي أن الخيارات لمواجهة الوضع المالي تتجه صوب ضغط النفقات، وأن موضوع طبع العملة مجرد مقترح لا ينسجم مع قانون البنك المركزي الذي يؤكد أن طبع الأوراق النقدية إجراء روتيني فني يمارسه البنك وفق متطلبات التداول النقدي، كما أن عملية الطبع منفصلة تماما عن عملية الإصدار النقدي.,طبع,نَسْخ,aljazeera
طبع علامة تجارية لمنتج على منتج آخر يعد تزويرًا وغشًّا للمستهلك,طبع,خَتْم، وضْع علامة مميزة‏,lexicon.alsharekh
يلعب النظام على شريحة في قلب الهواتف الذكية دوراً حاسماً في رفع مستوى الأداء والكفاءة إلى مستوياتٍ غير مسبوقة. وتم بناء منظومة هواتف «ميت 20» وفق المعيار 7nm، وتم تعزيزها بـ 6.9 مليارات ترانزستور ضمن شريحة لا تتجاوز مساحتها ظفر الإصبع.,ظفر,مادة صلبة تغطي بنان أصابع أيدي وأقدام الإنسان والحيوان,albayan
مثلما صنع الفراعنة التماثيل تكريماً وتخليداً لذكرى من يقدرونهم، ولأمور أخرى تتعلق بمعتقداتهم الدينية وإيمانهم بالبعث وغير ذلك، ظفر شكسبير بعدد من هذه التماثيل والمشغولات، ويشارك متحف الأرميتاج الروسي - أكبر متاحف العالم بمدينة الفن في سان بطرسبرج - بعمل نسخ طبق الأصل من التماثيل والعملات والميداليات الخاصة بشكسبير مرفق بها قصة كل منها لعرضها في مقرهم الرئيس والخروج بها أيضاً في جولة في فروعه بأمستردام ولندن ولاس فيجاس وفيرارا بإيطاليا وبرشلونة وغيرها.,ظفر,فاز به وناله,alarabi
لا يعد تشخيص ظفر العين أمراً صعباً، إذ يقوم الطبيب بإجراء فحص بدني باستخدام مصباح مخصص يساعد الطبيب على رؤية العين بشكل مكبر و بإضاءة ساطعة.,ظفر,زائدة لحمية في العين,Altibbi
اَلَّذِي لاَ تَغْشَاهُ اَلظُّلَمُ وَ لاَ يَسْتَضِيءُ بِالْأَنْوَارِ وَ لاَ يَرْهَقُهُ لَيْلٌ وَ لاَ يَجْرِي عَلَيْهِ نَهَارٌ لَيْسَ إِدْرَاكُهُ بِالْإِبْصَارِ وَ لاَ عِلْمُهُ بِالْإِخْبَارِ,ظلم,ثَلاثُ‌ لَيَالٍ‌ من لَيَالي الشَّهْرِ؛سُمِّيَتْ‌ لإِظْلاَمِها,Qamus Inour
نظر إلى الأسنان فرأى الظلم,ظلم,ماء الأسنان وبريقها,Shia Online Library
"وجاء في المصدر ""الجمهور الكتالوني يؤكد ان حياة لاعبي البرسا كانت في خطر بسبب تهديد الجيش لهم بأوامر من فرانكو الديكتاتور الحاكم وقتها، كما يروون التفاصيل حول ظلم تحكيمي كبير تعرضوا لهم خصوصا في موضوع التسلل.",ظلم,جَوْر، عكس عدل,arabia weather
لكنه عاد وتوقع أن الواقع سيتغير وأن حالة الإدمان ستقل مع الزمن، قائلًا “كل جيل أكثر ذكاءً من الذي سبقه، وسيتعلم الناس استخدام الهواتف الذكية بكفاءة أكبر”، مؤكدًا أن “البشر يحققون دائماً تقدماً في نهاية المطاف، عاجلاً أم آجلاً”.,عاد,رَجَعَ,arabia weather
في اليوم التالي، عاد الطبيب المريض وعمت السعادة والارتياح بين العائلة والأصدقاء الذين انتظروا عودته بفارغ الصبر ليطمئنوا.,عاد,زُزاره للسؤال والمواساة أو للعلاج,gpt
لم يُحسم الأمر في تحديد النطاق الجغرافي الذي عاش به قوم عاد حتى الآن، حيث تُشير النصوص القرآنية إلى المكان الذي أنذر فيه النبي هود قومه، وهو الأحقاف، مما يجعل جميع أحقاف العالم العربي خيارات محتملة، مثل التي في مصر وشمال ووسط وجنوب شبه الجزيرة العربية وغيرها ما بين صحراء النفود الكبير شرقًا حتى دلتا النيل غربًا.,عاد,قوم ذُكروا في القرآن بأنهم طغوا على نبي الله هود، فأهلكهم الله بريح صرصر عاتية.,wikipedia
ويقول لوبيز-أوردياليز: ‘‘إن الأمر يشبه مشاهدة عرض دعائي لأحد الأفلام الجديدة، أو ربما مشاهدة فيلم بأكمله. وهذا يمثل فارقا كبيرا بين أي مركبة فضاء وذلك المنطاد‘‘.,عرض,إظهار عرضًا فنيًا أو مرئيًا,bbc arabia
كما أن الراية في عهد الملك عبد العزيز مستطيلة الشكل وعرضها يساوي ثلثي طولها بينما لونها أخضر يمتد من السارية إلى نهاية الراية، ويراها الخصوم من بعيد ويدق في قلوبهم الرعب، تتوسطها الشهادتان بالإضافة إلى سيف مسلول فيما رسمت الشهادتان والسيف باللون الأبيض وسط مساحته,عرض,خلاف الطول,arabia weather
الغثيان أو الشعور بالغثيان على معدتك هو عرض أقل شيوعًا لكنه ممكن من النوبات القلبية، وذلك يعود إلى تأثير النوبة القلبية على جهاز الهضم والعصبي المركزي.,عرض,ما يطرأ ويزول من مرض ونحوِهِ,RD + GPT
التجارية العقارية تُتم توقيع عقد التجديد السنوي للتسهيلات الإئتمانية مع أحد البنوك الإسلامية المحلية بقيمة 39.2 مليون د.ك,عقد,اتفاق بين طرفين يلتزم بمقتضاه كل منهما تنفيذ ما اتففا عليه,argaam
"من جهته قال هرفوي تكالسيتش ، الجيوفيزيائي في الجامعة الوطنية الأسترالية ، الذي لم يشارك في الدراسة، إن ""النواة الداخلية لا تتوقف تماما، ونتائج الدراسة تعني أن اللب الداخلي أصبح الآن أكثر تزامنا مع بقية الكوكب مما كان عليه قبل عقد من الزمان عندما كان يدور بشكل أسرع قليلا"".",عقد,فترة زمنية معينة,arabia weather
وقالت المصادر إن رئيس مجلس حكم الميليشيات مهدي المشاط، عقد اجتماعا سريا قبل أيام في ضم أبرز القيادات الأمنية الموالية للجماعة وطلب منهم «الضرب بيد من حديد» وتوسيع دائرة القمع بحق الناشطين والمناهضين للجماعة، بخاصة في أوساط المنتمين إلى حزب «المؤتمر الشعبي».,عقد,القومُ اجتماعا: اجتمعوا في مكان معين وبحثوا موضوعا ما.,aawsat
كيف تختارين شكل العقد الأمثل حسب ياقة ملابسك؟,عقد,مجموعة من الخيوط أو الأشرطة أو الحبال التي تتشابك بشكل معين لتشكل شكلًا محددًا يستخدم كزينة على الرقبة,fustany
وكانت عاقلة مضحّية، فحين خرج أبوها مهاجراً بصحبة النبي صلى الله عليه وسلم حمل معه ماله كله، ومقداره (6000) درهم، ولم يترك لعياله شيئاً، فلما علم والده أبو قحافة برحيله وكان لا يزال مشركاً، وكان كفيف البصر جاء إلى بيته وقال: ‘‘والله إني لأراه فجعكم بماله بعد أن فجعكم بنفسه‘‘، فقالت: ‘‘كلا يا أبتِ، إنه قد ترك لنا مالاً‘‘.,علم,عرفه، ودرى به,islam way
ثم تكشف ذروة الفيلم المحتوى الحقيقي لهذا الطعام المعالج، الذي كان يتكون في الأساس من جثث بشرية، دون علم الجماهير بذلك.,علم,معرفة، ودراية,bbc arabia
" يعتقد الكثير أن الطائر المُتواجد على العلم المصري هو النسر ، لكنه في الحقيقة ""العقاب النساري""",علم,راية، ولواء,arabia weather
طوّر العرب والقبائل البدوية في المنطقة علم الفلك الشعبي والحسابات الفلكية المتعددة لارتباطها بشؤون حياتهم المعتمدة كلياً على الطقس والمناخ والنشاطات الجوية.,علم,مجموعة من المعارف والمعلومات المنظمة التي تشمل الدراسة والبحث والتطوير في مجال معين,arabia weather
عيّد الناس بفرح وبهجة احتفالاً بالنصر الذي تحقق في الحرب العالمية الثانية، حيث انتشرت الابتسامات على وجوههم وانفتحت القلوب على أمل في بداية فترة سلام مستدامة.,عيد,يحتفلون بها و يؤدّون مراسمها,gpt
اختلاط الرجال بالنساء في صلاة العيد يثير الجدل مجدداً في مصر.. نائبة بالبرلمان تتقدم بطلب إحاطة لوزير الأوقاف,عيد,يوم فرحة يُحتفَل فيه بذكرى شيء ما.,arabic post
الشيخ عيد أبو جرير شيخ مشايخ قبيلة السواركه هو المؤسس الأول للصوفية في سيناء، وهو يعتبر الأب الروحي للطرق الصوفية في سيناء,عيد, اسم علم شخصي يستخدم للذكور,wikipedia
التدخين، الذي يعد ثاني أهم سبب من أسباب تجاعيد العين بعد عامل التقدم في العمر، يعرض التدخين البشرة إلى الجذور الحرة التي تسبب ظهور التجاعيد، مما يضر بالكولاجين والإيلاستين.,عين,عضو الإبصار للإنسان وغيره من الحيوان,Altibbi
 تُفيد الأنباء الواردة من ولاية السويق بحدوث ارتفاعات كبير في منسوب المياه نتيجة الأمطار الغزيرة المتواصلة  على الولاية منذ ساعات، بالتزامن مع عبور عين الإعصار شاهين لأجواء المنطقة. ,عين,منطقة مركز دوران الإعصار,arabia weather
"اتجه شرقاً لمسافة 6 كم حتى تصل إلى عين الديسة ""نبع جبل الديسة"" مروراً بالمنازل والمزارع المجاورة له"" ",عين,ينبوع الماء ينبع من الأرض ويجري,arabia weather
"لدخول الإسلام إلى غرب أفريقيا قصة طويلة جمعت بين الفتوحات العسكرية والتجارة والتصوف، إذ أسهم القادمون من الشمال الأفريقي من عرب وأمازيغ طيلة قرون طويلة في نشر الإسلام هناك ضمن عملية بطيئة، لم يُخطَّط لها مثل الفتوحات الأولى، ولكنها رغم ذلك أحدثت تغييرا جذريا في صفوف تلك الشعوب الوثنية بمناطق ""صونغاي"" و""تمبكتو"" و""غانه"" و""فولو"" و""كوكو"" وغيرها من المناطق التي تقع اليوم في النيجر ومالي وموريتانيا والسنغال بالصحراء الكبرى، وحتى غانا ونيجيريا على سواحل الأطلنطي الجنوبية.",غرب,جهة غروب الشمس,aljazeera
تسبب إعلان الصين وجزر سليمان توقيع اتفاقية أمنية في زلزال جيوسياسي تردد صداه في أمريكا وأستراليا ونيوزيلندا وباقي العواصم الغربية، لتتحول الجزر إلى نقطة صدام لم تكن متوقعة في إطار صراع القوى العظمى بين الصين والغرب.,غرب,البلدان الغربيَّة، ويُقصد بها أوربا الغربيَّة والبلدان الأميركيّة,aljazeera
وقد شرّق وغرّب ووصل إلى العولمة قبل الأمريكان. فقد شوهد في جامعة عليكرة الإسلامية بالهند سنة 1971، وفي كلية كانو الجامعية بنيجيريا سنة 1976، وفي جامعة هارفرد ثلاث مرات، أستاذًا زائرًا في كل منها. وكان قبل ذلك قد نال، وهو الأرثوذكسي العربي، دكتوراه في التاريخ الإسلامي من جامعة لندن. فقلبه إذن، صار قابلاً كل صورة، تمامًا كقلب ابن عربي.,غرب,اتَّجه نحو الغرب,alarabi
فقد تحولت حياة راشد وشعره إلى مأساة داخل المأساة الفلسطينية، فكان ابن لحظة الاستفاقة من غيبوبة حرب النكبة، وأب الشعر الفلسطيني من دون أن يدري. أب لأبناء كثيرين من دون أبوة شرعية، وموت غريب لف حياة الفلسطيني الغريب الذي غرّبته النكبة، وشعر يحمل تردد البدايات وهفواتها وجمالياتها كافة.,غرب,أبعده ونفاه.,palestine studies
بدوره، ذكر مدير ثانوية يعقوب يوسف الغنيم، أحمد العازمي أن المدرسة استعدت كعادتها لاستقبال الاختبارات من خلال تهيئة الأجواء المناسبة للطلاب وتوفير نظام الاختبار المريح ومتابعة كل ما يتعلق بالصيانة وعوامل الأمن والسلامة وتعميم لوائح الغش قبل البدء بالاختبار، معبرا عن ارتياحه لعدم وجود حالات غياب بين الطلاب في اختبار اليوم إضافة إلى أن المدرسة لم تسجل أي حالة غش في اليوم الأول للاختبارات، متمنيا التوفيق والنجاح لجميع الطلبة في اختباراتهم.,غش,غِشّ في الامتحان: الاستعانة بالغير في الإجابة.,alanba
هناك بعض الباعة الذين يقومون بغش الأسماك، فيكف يفعلون ذلك؟ وكيف نشتري السمك؟ ومن أساليب غش الأسماك التالي: خلط الأسماك الفاسدة مع أخرى طازجة.,غش,خلط الشيء بما هو أرخص منه,aljazeera
غشّ القلوب يظهر فى فلتات الألسن و صفحات الوجوه,غش,خداع وتدليس,qamus
حزب المرأة مستعد أن يتعرى سواء التعري بمفهومة اللغوي أو التعري بالألفاظ الخادشة أو بالملابس المخزية لأنها عصرية، أيضاً يزعم أنها حرية أصيلة له في التعري وأنه واجب على الرجل غض البصر والسمع!,غض,صرْفه عنه,aljazeera
أطفالنا نباتٌ غضّ ينمو بقدر ما نغرسه ونهتم به…,غض,طري وناضر,lexicon.alsharekh
"لكن لا أذكر أن أحدا وصفنا بأننا ""أمة واغضض من صوتك"" التي لا تعرف الهدوء، مع أن هذه الوصية اللقمانية الحكيمة لم تكتف بالحثّ على غض الصوت فحسب، بل اقترنت دون أخواتها من الوصايا بتشنيع قبيح، فمن لا يمتثل لآداب الغض من الصوت -وفقا للآية- ليس سوى متشبه بالحمير!",غض,خفْضه.,aljazeera
أثنى المتحدث باسم الخارجية الأميركية نيد برايس على الشراكة الأميركية مع قطر، معتبرا أنها شريك لا غنى عنه.,غنى,كفاية واستغناء.,aljazeera
قد بات الوطن ورقة رابحة في يد الأغنياء، يفعلون بها ما يشاؤون ويزدادون بها غنى، وفي المقابل أصبحت الوطنية ورقة خاسرة في يد الفقراء،,غنى,ثراء وكثرة المال.,aljazeera
زلزال بيروت.. حسين الجسمي غنى للبنان  أكبر من هزة أرضية وأقل من قنبلة نووية، ضربت ميناء بيروت بانفجار مستودعات لحفظ مواد خطرة، كانت كافية لإزالتها عن الخريطة لولا لطف الله، ثم ابتلاع البحر العصف الأكبر، الذي شعرت بارتداداته قبرص والأردن,غنى,ترنَّم بالكلام,aljazeera
أزياء ورحلات وترف وحياة جميلة مثالية، تلك هي الصورة التي طُبعت في أذهان متتبعي الفاشينستا غنى غندور عن حياتها. هذا إلى أن أتى اليوم الذي أعلنت فيه على حسابها على وسائل التواصل الإجتماعي عن إصابتها بسرطان الثدي ما شكّل صدمة للكل.,غنى,اسم مؤنث ينطق بكسر حرف الغين,annahar
استشهد شاب فلسطيني من عرب الداخل فجر  السبت برصاص قوات الاحتلال الإسرائيلي في منطقة باب السلسلة قرب المسجد الأقصى في القدس المحتلة، وذلك مع استمرار اعتداء جنوده على المعتكفين داخل المسجد، وقد حذرت الرئاسة الفلسطينية من تفجر الأوضاع، في حين دعت مختلف الحركات والفصائل الفلسطينية إلى شدّ الرحال إلى المسجد الأقصى والرباط فيه.,فجر,وقت انكشاف ضوء الصبح قبيل شروق الشمس,aljazeera
السعودية: مطلوب أمني فجر نفسه في جدة.. أثناء إجراءات اعتقاله,فجر,جعله يتفجَّر,alqabas
ومنذ فجر التاريخ البشري، يمكن القول إن المياه النقية هي العنصر الأساسي والأكثر أهمية للبقاء. لكن مع تقدم الزمن بنا ووصولنا إلى القرن الحادي والعشرين، أصبحت المياه الآن أكثر أهمية.,فجر,مَطلَع، وبداية,bbc arabia
وهذا سيحدث حين تسود العدالة أرجاء العالم، وحين يتمتع كل كائن بشري فرد بالاحترام والكرامة.,فرد,واحد‏، منفرد,Reverso Dictionary
تى أن أحد الشباب  علق بسخرية فى أحد الأيام على موقع التواصل الإجتماعى فيس بوك قائلاً أن الوحيد لمشكلة فقدان فرد الجوارب هى أن الغسالات تحتوى على شبح لعالم آخر  تتواجد به مخلوقات برجل واحدة,فرد,أحدُ الزَّوْجَيْن من كلِّ شيءٍ,youm7
لم يركز أي تحليل شامل على العلاقة بين التعرض المهني بين مصففي الشعر والمهن المرتبطة به وخطر الإصابة بالسرطان، حتى أكدت الوكالة الدولية لأبحاث السرطان مؤخرا أن تعرض مصففي الشعر والحلاقين لمركبات فرد وصبغ الشعر يوميا قد يتسبب في إصابتهم بالسرطان، بحسب المجلة الدولية لعلم الأوبئة,فرد,تمليس الشعر,aljazeera
ثم تمد ساق واحدة، ويقابلها فرد ذراعك المعاكس لها، وحاول الإبقاء على تنفيذ تلك العملية على التوالي، وعدم السماح لساقك أو ذراعك بالاتجاه إلى الجانب أو ثنى أحدهما، حين ترفع وتمد الذراع المعاكس في نفس الوقت.,فرد,مدَّه أمامه,Reverso Dictionary
إلا أن العديد من الاضطرابات النفسية يمكنها أن تتداخل مع السمات الأساسية لشخصية كل فرد، بما في ذلك اضطرابات الشخصية.,فرد,إنسان، شخص بعينه.,Shifaa
أطلقت وكالة غوث وتشغيل اللاجئين الفلسطينيين في الشرق الأدنى (أونروا) الفصل الدراسي الثاني للعام الدراسي 2018-2019 من إحدى المدارس التابعة لها بمدينة القدس المحتلة.,فصل,مرحلة دراسية محددة الوقت.,aljazeera
لا يمثل إرسال التوائم إلى المدرسة بالنسبة ‫للآباء مجرد تحدّ مزدوج بتوفير حقيبتين مدرسيتين ومجموعتين من ‫الكتب، إلى جانب عبء الإشراف على أداء الواجب المدرسي لاثنين في نفس ‫الوقت، فهناك أيضا سؤال أساسي تتعين الإجابة عليه، وهو: هل يجب على ‫التوأمين أن يكونا معا في نفس الفصل الدراسي؟,فصل,حُجرة الدرس في المدرسة.,aljazeera
الربيع هو الفصل المفضل لملايين الناس حول العالم. فهو يعني صفحة جديدة من المناخ الرائع والطبيعة الخلابة ويرمز للبدايات الجديدة. ففيه تنبت الأزهار وتتبرعم الأوراق ويستيقظ العالم من سباته الشتوي الطويل.,فصل,مرحلة زمنية من مراحل السنة الأربع.,arabic post
وبالعودة إلى سؤال أبي حنيفة، فإن الجواب الصحيح يقول بأن صاحب الثوب يعطي الأجرة للخياط إن كان الخياط قد فصَّل الثوب على مقاس صاحب القماش، مما يعني بأنه لم يفكر في سرقة الثوب إلا بعد أن أكمل خياطته.,فصل,قطّعه على مقاس صاحبه بقصد خياطته.,aljazeera
وشمل قرار الفصل الصحفيين: مرام سالم وفرح مرقة من فلسطين، وداود إبراهيم من لبنان، ومرهف محمود من سوريا، وباسل العريضي من لبنان وهو مدير مكتب دويتشه فيله في بيروت.,فصل,الطرد,aljazeera
فصّل باكستاني معتقل في سجن غوانتانامو الأميركي التعذيب والاغتصاب الذي تعرض له من قبل «وكالة الاستخبارات المركزية الأميركية (سي آي إيه)» على مدى 3 سنوات، خلال محاكمته أمام محكمة عسكرية قضت بسجنه 26 عاماً.,فصل,قدَّم شرحًا وافيًا,aawsat
"الفصل بين الجنسين، صحيفة ""يديعوت أحرونوت"" العبرية، قالت، الأحد، 24 ديسمبر/كانون الأول 2022: ""يثير هذا مخاوف بشأن الفصل بين الجنسين في الأعمال التجارية أو رفض تقديم الخدمات لأعضاء مجتمع المثليين"".",فصل,تفريق، إبعاد,arabic post
عبر عشرة فصول رشيقة الأسلوب، يشرح هارفورد العديد من المفاهيم الاقتصادية دون الاضطرار إلى الالتزام بنسق سردي متصل، كل فصل من فصول الكتاب يحتوي على فكرة أساسية تتناول جانبا اقتصاديا معينا يسهب في توضيح معانيه وضرب الأمثلة عليه.,فصل,قِسْم مستقل من الكتاب ونحوه,aljazeera
ولا يلام العبد أبدًا على محبة العشيرة والوطن والولد والزوجة والمال ولا تناف تلك المحبة محبة الله والإيمان به إذا كان ذلك في حدود الشرع ولم يترتب عليه مفسدة لأنه حب فطري غريزي قد فطر الله الإنسان عليه وأباحه الشرع ولم ينه عنه رسول الله - صلى الله عليه وسلم - بل كان يحب صلى الله عليه وسلم بلده وأهله وعشيرته. ويشترط لتلك المحبة أن تكون تابعة للشرع مقيدة بأحكامه وضوابطه ولا تناف مقاصده.,فطر,فَطَرَ اللهُ الشيءَ: أوجدَه وأنشأَه,islam way
"في مدينة نابلس أطلقت مجموعة شبابية حملة ""فطّر غيرك يزدد خيرك"". الناشط في الحملة حسن قمحية يوضح لـ""العربي الجديد"" أن الحملة تقوم على تقاسم إفطارك بينك وبين عائلة محتاجة حيث تقوم المجموعة بأخد وجبة الإفطار من العائلة المتبرعة وتوصلها للعائلة المحتاجة قبل الأذان"".",فطر,كسر الصيام,alaraby
"قال لويس هاميلتون أنه يشعر ""بالحزن يخيّم على قلبه"" بسبب أخبار ما يحصل في 2020، كاشفاً أن نبأ وفاة شادويك بوزمان ""فطر قلبه"".",فطر,فَطَرَ الحزنُ قلبَ فلانٍ: أثَّرَ فيه تأثيرا عميقا,motorsport
من أنواعه فطر الخمائر وكذلك فطر البنيسيليوم الذي له القدرة على إنتاج المضاد الحيوي المورق بالبنسلين.,فطر,نبات من فصيلة الغَارِيقُونِيَّات.,wikipedia
احتفل المسلمون بأول عيد فطر في الإسلام في السنة الثانية للهجرة بعد صيام أول رمضان في تلك السنة.,فطر,العيد الَّذي يعقب صوم رمضان عند المسلمين,wikipedia
غالياً ما يصيب مرض الفطر الأسود الأشخاص الذين يعانون من ضعف المناعة، أو يتناولون الأدوية المثبطة للمناعة، وقد يصيب الجلد بعد التعرض للجروح أو الحروق,فطر,اسم مرض ويأتي مركب,Altibbi
على صعيد آخر، أكد عبد الكريم الهاروني رئيس مجلس شورى حركة «النهضة» أن الحزب قدم موقفا أكثر وضوحا حول مسألة ترشيح يوسف الشاهد وأعضاء الحكومة إلى الانتخابات الرئاسية والبرلمانية المزمع إجراؤها خلال شهر نوفمبر (تشرين الثاني) من السنة المقبلة.,قدم," طرَحَه, عرَضَه",aawsat
قدم المشكلة يرجع في الواقع إلى العلاقة المتينة بين الإنتاج الاقتصادي وبين عدد السكان…,قدم,قِدَم الشيء: وجوده منذ زمن بعيد,lexicon.alsharekh
صورة اشعة عادية جانبية للقدم والمريض واقف وصورة وامامية .,قدم,ما يطأ الأرض من رجل الإِنسان؛ وفوقها السّاق، وبينهما المفصل المسمى الرسغ,Altibbi
مصر تستورد قطرًا جديدة ضمن تطوير منظومة السكك الحديدية…,قطر,جمع كلمة (قطار)، مجموعة من عربات السكّة الحديد تجرّها قاطرات تنقل الناس والبضائع.,lexicon.alsharekh
تُحسَبُ مساحةُ الدائرةِ بضرب {pi} في مُربَّعِ نصف قطرها.,قطر,خطّ مستقيم يقسم الدائرة ومحيطها إلى نصفين مارًّا بمركزها.,wikipedia
"وقال هيثم الشريف، وهو مهندس مدني سوداني يعمل في ملاعب قطر منذ 2007، إن ""حالة الجو إلى جانب معايير الأداء العالية التي وضعناها لأنفسنا تجعل من الصعب للغاية تطوير المنتج الذي نحتاجه، ولكننا نجحنا"".",قطر,دولة,aljazeera
ما إن انتهى الرئيس الأميركي دونالد ترامب من توقيع قراره -المرفوض عربيا وإسلاميا ودوليا- الاعتراف بالجولان أرضا إسرائيلية؛ حتى أهدى القلم الذي وقع به الاعتراف إلى رئيس الوزراء الإسرائيلي بنيامين نتنياهو؛ في خطوة بالغة الدلالة والرمزية.,قلم,ما يكتب به,aljazeera
قلم الحسابات بالشركة هو المسؤول عن حساب الأرباح والخسائر وكذلك حساب قيمة مكافآت الموظفين…,قلم,مكتب إداري,lexicon.alsharekh
بالأمس شاهدت حلقة لبرنامج الاتجاه المعاكس وكيف ظهر الشاب علاء الحطاب (مقدم برامج في قناة العراقية) الذي اقتحم بكاريزميته الأنيقة وكر قناة الجزيرة وعَقد لسان مشعوذها فيصل القاسم وحطم الصنم الصدامي داوود البصري و قَلم اغصان شجرة الجزيرة القطرية هذه الشجرة الخبيثة التي سممت افكار وعقول العرب بحنظل زيفها وفساد رأيها وكذب رسالتها ..,قلم,أَيَ قَطَعَ مَا طَالَ مِنْهُ,khabaar
ناسا تعلن مشاركة أول امرأة في مهمة للتحليق حول القمر.. يرافقها أول أمريكي من أصل إفريقي,قمر,جرم سماوي صغير يستمدّ نوره من الشمس، ويدور حول الكوكب ويكون تابعًا له,arabic post
ذكرت وكالة كيودو اليابانية أن وزير الدفاع ياسوكازو هامادا أمر -اليوم السبت- قواته للتأهب لاحتمال سقوط صاروخ كوري شمالي على أراضي البلاد، من المنتظر أن يحمل أول قمر صناعي للتجسس تطلقه بيونغ يانغ.,قمر,جهاز يُطلَق بواسطة صاروخ إلى الفضاء للاستخدامات المتقدمة,aljazeera
تنتشر بعض المشروبات خلال شهر رمضان وتزداد شعبيتها عند الصائمين. و من هذه المشروبات العرقسوس، والكركديه، والخروب، والتمر الهندي، وقمر الدين، والسوبيا وشراب الدوما.,قمر,اسم طعام أو شراب ويأتي مركب مع كلمة الدين,Altibbi
يستعد حاليا الفنان مصطفى قمر لتصوير فيلمه الجديد 'عصابة الدكتور عمر' الذي من المقرر عرضه في الموسم الصيفي المقبلِ تدور احداث الفيلم في اطار كوميدي https://www.alqabas.com/article/40780 :إقرأ المزيد,قمر,اسم علم شخصي يستخدم للاناث والذكور، أو لقب,alqabas
لعلاج ارتفاع إنزيمات الكبد المرتفعة مع مرضى متلازمة الأيض، يمكن تحسين حالة ارتفاع الإنزيمات عن طريق تعديل أسلوب الحياة نحو الأفضل، عبر الخطوات التالية: فقدان بعض الوزن، الانتظام على ممارسة الرياضة يوميًا على الأقل مدة نصف ساعة مشي، تناول وجبات غذائية صحية متوازنة من الألياف، والفيتامينات، والنشويات، والبروتين، السيطرة على مستوى سكر الدم في المعدل المنضبط، الحد من التوتر والقلق عن طريق الرياضة، والتأمل، أو ممارسة اليوجا، والتخلص من بعض الالتزامات اليومية الشاقة.,كبد,كبد الكائن الحي,Altibbi
الخلود والملك الذي لا ينتهي، ذلك الطموح الذي أخرج آدم من الجنة ليعترش كبد وعناء الدنيا، نفسه ذلك الطموح الذي لهث خلفه هاديس. أينجح في الخلود؟ أينال الملك الأبدي؟,كبد,مشقَّة وعناء,menassati
ومن المعروف أن النباتات يمكنها رصد الضوء، فإنك إذا أمعنت النظر إلى زهرة عباد شمس، ستكتشف أنها تغير اتجاهها نحو الشمس كلما تحركت في كبد السماء.,كبد,وَسَطُ الشيء ومعظمُه,hes press
ذكر خطاط عراقي يقيم في الأردن حاليا أنه كتب القرآن الكريم كاملا بدم الرئيس العراقي السابق صدام حسين الذي نذر ذلك بعد تعرض ابنه عدي لمحاولة اغتيال جرت عام 1998.,كتب,كَتَبَ فلانٌ الرسالةَ ونحوها: خطها، نسخها,aljazeera
ستتفاجأ عزيزي القارئ عندما تجد أن هذه الرواية تصف مرحلةً قريبةً جداً من حاضرنا وتصف لك بدقة أحداثاً عايشتها أنا وأنت، وكيف تصرفت النخب والإعلام، ستصل لمرحلةٍ تظنّ أن الرواية كُتبت حديثاً، وتكمن عظمتها أيضاً أنها ستكشف لك سرعة فقدان الذاكرة لدى الشعوب.,كتب,كَتَبَ فلانٌ الروايةَ ونحوَها: ألَّفها.,aljazeera
يروي لنا هذه الحكايا الشاب المُثقف طيّب الأخلاق والفكر والمعشر (علي العكرمي) التي بدأت منذ عام 1973 رحلة من العذاب تفوق خيال أقسى عذاب على هذا الكوكب، بلاءٌ كتبه الله عليه حتى رأى نور ربه في عام ٢٠٠٣ ليكمل بذلك نصاب ثلاثون عاماً من الألم والبشاعة والإجرام واللإنسانيّة واللارحمة من مخلوقات لا يمكن وصفهم أنهم من بنو البشر ولا يمكن تخيّل أنهم ذو فطرة سليمة ولا نفسيّة مُستقيمة، هم قلوبٌ نزع الله منها الرحمة كما ينزعُ الروحُ من الجسد.,كتب,كَتَبَ اللهُ الشيءَ: قدَّره وفرضه,aljazeera
الشيء المهم في الكتابة هو أنه فن لا علم، ولا توجد خطوات حتمية لا جدال فيها عليك اتباعها لتصبح روائيا عظيما، ومع ذلك فإن هناك أمورا أساسية -مثل تجنب الأخطاء الإملائية والنحوية- ستضع روايتك في مكانة جديرة باكتساب ثقة القراء والناشرين وموزعي الكتب.,كتب,جمع كلمة (كِتَاب)، صحف مؤلفة مجموعة ومضمومة بين غلافين,aljazeera
تدليك باطن القدم أكثر جدوى لأنه أكثر حساسية من كف اليد التي تفقد من حساسيتها جراء استخدامها المفرط في كل حركة وحركة.,كف,رَاحَةُ اليَدِ او القدم مَعَ الأَصَابِعِ,aljazeera
من جانب آخر ذكر الخلايلة بأنّ صندوق الزكاة، وضمن استعداداته للشهر الفضيل، يعمل على سداد الذمم المالية عن دفعة كبيرة من الغارمات و كف الطلب عنهن ضمن الأسس والشروط بالتعاون مع الشركاء المعنيين.,كف,التوقُّف عن فعل ما,arabia weather
"استعاد مصري كان كُف قبل 18 عاما, بصره في ليلة السابع والعشرين من شهر رمضان المبارك بعد أدائه صلاة التراويح والقيام مع المصلين بتلك الليلة في مسجد بحي جنوب الأقصر.",كف,أعماه,aljazeera
أسر الداعية الإسلامي عمرو خالد غير الأزهري لب الشباب عبر برامجه بالقنوات الفضائية وأحاديثه في المساجد والتي أضافت بعدا جديدا للدعوة الإسلامية.,لب,عقل,aljazeera
قال له أرجوك ادخل في لب الموضوع لأن وقتي لا يسمح بالمقدمات...,لب,قلب‏,lexicon.alsharekh
وفي أول رد له، صرح الأمين العام لجامعة الدول العربية عمرو موسى بأن القضية الفلسطينية هي لب عدم الاستقرار في منطقة الشرق الأوسط، داعيا الولايات المتحدة إلى البناء على كلمة أوباما والسعي خلال الأسابيع والشهور القادمة للتحرك نحو قيام دولة فلسطينية مستقلة على حدود 1967 وعاصمتها القدس الشرقية.,لب,جوهر‏، خالص كل شيء,aljazeera
عند استمراره يصل التسوس إلى الطبقة الداخلية من السن التي تسمى اللب، وتحتوي على الأعصاب والأوعية الدموية التي تغذي السن، ويؤدي هذا إلى التهاب اللب وحدوث ألم حاد.,لب,عصب الاسنان,aljazeera
لن يكون للأرض المسطحة مجال مغناطيسي أرضي حولها، حيث ينشأ هذا المجال من خلال حركة تيارات لب الأرض الغني بالحديد المنصهر، ولن يكون للأرض المسطحة هذا اللب، وعندها ستتعرض الحياة على الأرض إلى الجسيمات المشحونة والإشعاع الخطير الصادر من الشمس، والتي من شأنها أن تسبب السرطان وتتلف حمضنا النووي.,لب,النطاق الصخريّ المحيط بسطح الأرض من داخلها، قلب الأرض الكثيف الذي يتكوّن منه أغلب كتلتها,arabia weather
"ومن الأطعمة الربيعة التي تحتوي على البروتين الخرشوف، اللوز، لب القرع، وغيرها من أطعمة فصل الربيع الغنية بالبروتين الذي يوفر الحمض الأميني تربتوفان والذي يتحول إلى هورموني السيروتونين والميلاتونين. وفقا لرئيسة قسم التغذية في موقع ""نيوتري سنتر"" شونا ويكنسون.",لب,ما في جوف بعض الفواكه من ثمرة تؤكل.,arabia weather
يمكن أن يشعر بعض الأشخاص بالوخز والتنميل في اللسان بعد تناول بعض الأطعمة الساخنة أو الحارة، أو تلك التي تحتوي على مواد كيميائية، أو تسبب الحساسية، لكن في هذه الحالات يكون السبب واضحاً.,لسان,عضو لحمي في الفم من عروق وعضل، وهو أداة النطق والتذوُّق.,arabic post
صورة للشمس وتظهر فيها ألسنة اللهب، تم تصويرها صباح هذا اليوم من مدينة أبوظبي بواسطة مركز الفلك الدولي، باستخدام تلسكوب شمسي خاص يظهر الطبقات العليا من الشمس. لسان اللهب في أعلى الصورة أكبر من حجم الأرض كلها كما هو مبين في الصورة,لسان,ما ارتفع من اللهب,youm7
أخبرتني برحيل والدتها، وفي حديثها سمعت ألفاظ الدعاء تخرج من ثغرها وفيها معاني الألم والحزن، وفيها أيضاً الوفاء والإخلاص، والحب الذي يتركه الميت وراءه إذا ترك خلفه ابنة صالحة مثل هذه السيدة، التي تحاورت معها هناك في مطار تونس – قرطاج.. كانت تتحدث إليَّ بلسان عربي مُرقع تتصارع فيه الألفاظ الفرنسية مع العربية؛ وهي تسعى جاهدة إلى تشكيل جملة مفيدة، بالرغم من تبعثرالألفاظ الفرنسية في ذهنها، ومن شدة هذه البعثرة يشعر المنصت إليها بأن لغتها الأم هي الفرنسية، لا العربية، لذا كانت تتلعثم بالعربية عندما كانت تحاول التحدُّث بها..,لسان,لغة القوم التي ينطقون بها,arabic post
وقد يكون لدنيا خلال سنوات قليلة الفرصة لاستعمال هذه الشبكات التي تذوب داخل الشريان وتختفي بعد ان تقوم باداء دورها في فتح الشريان واعادة الدم ثم تتحلل الى مواد بسيطة تختفي مع مجرى الدم لتكون بمثابة الجندي المجهول الذي قام بواجبه ثم مضى بهدوء ودون ان يعرف احد انه كان هناك ودون ان يلقى التقدير الذي يستحقه.,مضى,ذَهَبَ‏، وابتعَدَ,Altibbi
مضى الحلاق بالمقص قبل تقصير شعر الطفل.,مضى,صار حادًّا سريع القطع,gpt
وأوضح شاكر، خلال حلقته في برنامج حبر سري، الذي تقدمه الإعلامية أسما إبراهيم، على شاشة قناة القاهرة والناس: ويجز على فكرة غنى أغنيته دي قبل ما يدخل النقابة، لكن ده لو بعد ما مضى التعهد واجتاز اختبارات النقابة,مضى,أجازه ووقّع عليه ليثبته,cairo24
"أوردت مجلة ""نيوزويك"" (Newsweek) الأميركية أن القوات الروسية أصبحت تخسر أعدادا كبيرة من القوات أكثر من أي وقت مضى خلال الحرب الأوكرانية، وعرضت عددا من الأسباب لذلك.",مضى,خلا، ومرَّ,aljazeera
"منحت هيئة تنظيم الاتصالات تصريحًا جديدًا لشركة ""عُمان داتا بارك""؛ لتقديم خدمة الاتصالات الصوتية والمرئية عبر بروتكول الإنترنت، ما يسهم في توسيع قاعدة الخدمات المقدمة عبر بروتكول الإنترنت في سلطنة عُمان.",منح,أَيْ إِعْطَاءهُ,argaam
"وبينما توقف التلفزيون الحكومي إلى حد كبير عن بث مقابلات مع منتقدي الرئيس، استمرت وسائل الإعلام الأخرى -بما في ذلك ""موزاييك إف إم""- في منح الكلمة لخصوم سعيد، وبث برامج تنتقد بشدة خططه السياسية والاقتصادية.",منح,اعطاء,aljazeera
تغطي جميع المنح الدراسية المدرجة أدناه تذاكر السفر بالطائرة، والإقامة، والوجبات، والمصروف، ورسوم التأشيرة، والنقل، والرسوم الدراسية، والتكاليف الأخرى.,منح,منحة [ مفرد ] : عطية ، هبة,aljazeera
أصيب صباح اليوم الثلاثاء مستوطن إسرائيلي بجروح إثر إطلاق النار عليه من سيارة عابرة في وادي الحرمية شمالي رام الله، قبل أن يفر منفذ العملية من المكان.,نار,طلقات رصاص ونحوه.,aljazeera
أفادت مؤسسة السجون الإيرانية بأنه تمت السيطرة على اضطرابات وشجارات بين سجناء محكومين بتهم جنائية في سجن إيفين، متهمة السجناء بإضرام النار في ورشة خياطة داخل السجن.,نار,عنصر طبيعي فعال يمثله النور والحرارة المحرقة ويُطْلَق على اللهب.,aljazeera
قال النووي: «أن من قتل نفسه أو ارتكب معصية غيرها ومات من غير توبة فليس بكافر، ولا يقطع له بالنار، بل هو في حكم المشيئة».,نار,جهنم التي وعدها الله عباده الكافرين والعاصين,wikipedia
يقوم الشخص البالغ الذي يتمتع بصحة جيدة بعملية الشهيق والزفير حتى 20 مرة في الدقيقة، أي ما يعادل 30000 نفس في اليوم.,نفس,الرَّيحُ تدخل وتخرج من أَنف الحيّ ذي الرَّئة وفمِه حالَ التَّنَفُّس,Shifaa
سنعرض بعض نتائج أبحاث علم نفس العلاقات، والتي درست العوامل الأساسية التي تشكّل العلاقات الناجحة، وحاولت استخلاص أهمّ الملامح التي تتنبّأ بعلاقة ناجحة بين الطرفين. وهكذا، يمكن لهذه المؤشرات العامة أن تكون أحد الوسائل التي يستعين بها الإنسانُ على صنع قراره.,نفس,الجانب الداخلي للإنسان والذي يشمل العواطف والمشاعر والاتجاهات والمعتقدات والقيم والتصورات الذاتية والتفكير والذاكرة والإدراك.,aljazeera
يعاني كثير من الأطفال عدم قدرتهم على التحكم في النفس في مواجهة المواقف الصعبة، إذ يفقدون السيطرة على عواطفهم وانفعالاتهم وينتهي بهم الأمر وحيدين من دون أصدقاء.,نفس,الذات,aljazeera
ثم بين - سبحانه - أن مرد الخلق جميعا إلى الله ، وأن كل نفس مهما طال عمرها لا بد أن يصيبها الموت ، وأن الدار الباقية إنما هى الدار الآخرة التى سيحاسب الناس فيها على أعمالهم,نفس,رُوح‏، ما به حياة الكائن الحي.,surahquran
وتشير قياسات هذه الطاقة الصوتية المكتشفة المسماة بالموجات الزلزالية، إلى أن اللبّ السائل أكثر كثافة وأصغر مما كان يعتقد سابقا، ويتألف من مزيج من الحديد والعديد من العناصر الأخرى، ويبلغ حجم قلب المريخ نفس حجم القمر وهو ضعف كثافته تقريبا.,نفس,ذات الشيء وعينه,arabia weather
ضوء النجوم[1][2][3] أو نور النُجوم[4] أو إضاءة النجوم (بالإنجليزية: Starlight)‏ هو الضوء الصادر عن إشعاع النجوم.,نور,ضَوْءٌ وسطوع، ضدّ الظُّلمة,wikipedia
بدأ في الدراسة منذ نعومة أظافره، وأبصر نور العلم في محظرة والده (وهي جامعة بدوية تدرس فيها جميع العلوم الشرعية واللغوية وهي سمة للثقافة الشنقيطية) فأكمل حفظ القرآن الكريم قبل أن يبلغ سن العاشرة.,نور,الإيمان والهداية والعلم - الحكمة وازالة الجهل,aljazeera
ولد نور الدين في فجر يوم الأحد من 17 شوال 511هـ،[6] وهو ثاني أولاد عماد الدين زنكي بعد سيف الدين غازي.,نور, اسم علم شخصي من أصل عربي يستخدم للذكور والأناث,wikipedia
منذ عدة أسابيع، تستحوذ أزمة المغربي أشرف حكيمي، لاعب باريس سان جيرمان الفرنسي، مع زوجته السابقة الممثلة الإسبانية من أصول عربية، هبة عبوك، على اهتمام وسائل الإعلام الفرنسية والإسبانية على حد سواء، والعربية أيضاً,هبة,اسم علم مؤنث عربي، من الفعل وهبَ.,arabic post
"أما عن تمويل صفقة الطائرات العسكرية بغرض التدريب، فإن الجزء الأكبر سيكون من خلال ""الهبة الأمريكية"" بينما ستدفع تونس الباقي، حسبما ذكرت الوزارة.",هبة,ما يُعْطَى بلا عوض,arabic post
" دعا الحزب ""كافة القوى الوطنية الحية، من أحزاب سياسية ومنظمات مدنية، إلى هبة شعبية تضامناً مع إخوتنا هناك، وذلك بتشكيل جبهة للتضامن مع الإخوة الفلسطينيين في قضيتهم العادلة""، منوهاً إلى أنه سيبدأ ""تنظيم سلسلة من النشاطات الجماهيرية والتعبوية تضامناً مع الإخوة الفلسطينيين"".",هبة,ثورة وانتفاضة.,arabic post
بعد الخضوع لعملية قيصرية بالنسبة للنساء، تكون العودة لنظام الهضم الطبيعي أسرع لدى اللواتي جمعن بين مضغ العلكة وتناول الطعام السائل.,هضم,تحويل الطعام إلى مواد قابلة لأن يمتصها الجسم.,arabic post
وأشارت في حديث للجزيرة نت إلى أن أبرز هذه الانتهاكات يتمثل في قضية المساواة بين الرجل والمرأة من حيث الحقوق والواجبات، وأيضا هضم حقوق المرأة في التعليم والعمل والملكية الفكرية.,هضم,هَضْم الحقوق: إنقاصها وبخسها.,aljazeera
"الحصولُ على منبرٍ أضحى من أساسيّات الحقوق الإنسانية التي ضاعَ جلّها وأكثرها بين ظلم وهضم وتسلّط أو بين ترك للحبل على الغارب وإهمال المراقبة وفقدان التشريعات والتقليل من شأن الديانات والمعتقدات لتكونَ بعد ذلك الأخلاقيات والسلوكيّات ورقاً ""منديليّاً"" يستخدمُ ويرمى ويستباح ويترك متى دعَتِ الحاجة الشخصية لذلك، والهمّ هو أن تُخرج من فمك ذلك الذي يزعجك ماءً كانَ أم بُصاقاً وتُطيح به في مدونة إلكترونيّة..",هضم,جور وظلم.,aljazeera
"حسنا، ما سبق ليس نصائح مدربك في ""صالة الرياضة""، بل هو ما دأب متخصِّصو علوم الأعصاب، والطلاب المتفوقون وأساتذتهم الناصحون لهم، على قوله عن استذكار أيام الامتحانات، لكن دعنا الآن نبدأ في توضيح مجموعة من الآليات القوية لهضم المنهج في فترة قصيرة جدا هي كل ما تبقَّى لك قبل الامتحانات، في تلك النقطة سأطلب إليك فورا أن تبدأ بوضع جدول أو خطة لكل مادة دراسية، خطة يومية واضحة تشتمل على قطع المنهج وعدد الساعات لكلٍّ منها.",هضم,فَهم و استيعاب,aljazeera
بعدما ظلت النوافذ مغلقة لفترة طويلة، هوّى الخادم الغرفة من خلال فتحها.,هوى,أدخل إليه الهواء النقيّ,gpt
وقد انفجر الصاروخ بعد ثوان من إنطلاقه من منصة إطلاق تجارية في فرجينيا ثم هوى إلى الأرض في كرة ضخمة من النيران والدخان لكن السلطات قالت إنه لم تحدث أي إصابات.,هوى,سقط من علو إلى أسفل,arabia weather
"وهوى المؤشر الرئيسي العام لسوق دبي المالي بأكثر من 65% منذ بداية العام, كما تراجع مؤشر سوق أبو ظبي بأكثر من 37%.",هوى,تراجع أو انخفض,aljazeera
فَاللَّهُ الَّذِي خَلَقَكُمْ هُوَ أَعْلَمُ بِالَّذِي يَتَّقِي اللَّهَ وَيَخَافُ مَقَامَ رَبَّهِ وَيَنْهَى النَّفْسَ عَنِ الْهَوَى,هوى,ميل النفس للشيء وحبها له,almaany
جنبلاط: إنها مرحلة الدوزنة الدقيقة والمدروسة وكما قيل خير الأمور الوسط...,وسط,المعتدل من كل شيء,lexicon.alsharekh
« الكاظمي » رفض!: باسيل وسّط عبّاس ابراهيم ليلتقي البابا في العراق! حاول باسيل الاستفادة من كونه في ما يُسمّى « محور الممانعة »، فطلب من رئيس جهاز الامن العام اللواء عباس ابراهيم التوسط لدى السلطات العراقية، ليكون هو (أي باسيل) الشخصية المارونية الوحيدة، في استقبال الحبر الاعظم خلال زيارته الى العراق! وكان سبق لمدير العام للأمن العام اللبناني تسليم رسالة من ميشال عون للكاظمي في بغداد في منتصف أيار/مايو ٢٠٢٠.,وسط,جَعَلَه وسيطا‏,midle east transparetn
يمكن المساعدة في علاج ألم وسط الظهر بالمنزل من خلال اتباع الإجراءات التالية: ممارسة تمارين الإطالة والتمدد، التبديل بين الكمادات الدافئة والباردة، استخدام مسكنات متاحة بدون وصفة طبية، ولكن يجب عدم الإكثار منها، تدليك الظهر بحركات دائرية لطيفة.,وسط,منتصف، ما بين طرفيْ الشيء,Altibbi
أدوية التخسيس تعمل، ولكنها  تعمل على تخسيس الجسم كله، وليس منطقة بعينها دون أخرى. يمكنك خسارة الوزن بالرجيم وأدوية التخسيس ولكن سوف تظل منطقة الوسط والخصر آخر منطقة تخسر بها الدهون. أدوية التخسيس لن تغير من طبيعة جسمك أو نمط خسارة الدهون.,وسط,خاصرة ، منتصف الجسم,egyfitness
كل ولد يستطيع أن ينجح والمطلوب فقط توفير الفرصة له.,ولد,كل ما وُلِدَ.,Reverso Dictionary
مواطن ولد زوجته بعد إصرار الدكتور على عملية ليثبت له أن تشخيص الحالة خاطىء...,ولد,وَلَّدَ الطبيبُ المرأةَ: تولى إخراج الجنين من بطنها.,lexicon.alsharekh
وُلد كيروش يوم 1 مارس/آذار 1953 لأبوين برتغاليين، في مدينة نامبولا في موزمبيق، والتي كانت خاضعة لسيطرة الاحتلال البرتغالي.,ولد,وِلادَةً‌ و مَوْلِدًا: ترك أَحشاء الأُمّ‌،خرج إلى الوجود,arabic post
مهام ثقيلة تنتظر باتشيكو بعدما ولي القيادة الفنية لفريق الزمالك...,ولي,وَلِيَ فلانٌ الشيءَ: تولى أمره وحَكَمَه‏.,lexicon.alsharekh
يجب مراقبة الطفل خلال صومه، فإذا شعر الطفل بإرهاق واضح أو مرض وعدم تحمل الصيام، فيجب أن يسارع ولي أمره بإفطاره.,ولي,كلّ مَنْ كُلِّف بأمر أو قام به,Altibbi
يقول الشريف إن زمرة قليلة من الناس يعرفون أن هناك 15 وليا صالحا بمنطقة سيدي بوسعيد ما تزال أضرحتهم موجودة إلى اليوم، رغم أن الروايات تزعم أن المنطقة ضمت نحو 500 ولي صالح، بحسب ما ذكره.,ولي,شخص معروف بالتقوى والصلاح.,aljazeera
ذلك أن العلم سراج يخرج الناس من الظلمات إلى النور ومن الضلالة إلى الهداية ومن الحيرة إلى الرشد وهو أنواع منوعة، وأشرف العلم ما تعلق بمعرفة الله عزوجل وأسمائه وصفاته، فذلك يثمر في القلب من معاني الحب والإنابة والتضرع والتوكل والخوف والرجاء ما يسر النفوس ويطمئن القلوب,يسر,يفرحه، ويرضيه,aljazeera
وبالمثل، فإن أطفال اليوم محاطون بأشكال مختلفة من الضغط المستمر لأداء أفضل ما لديهم في كل جانب. يتمتع بعض الأطفال بالقدرة على التركيز ومهارات التعلم الصحيحة، بالتالي يتعلمون بسهولة ويسر. وفي حالات أخرى، يؤدي الضغط المستمر على بعض الأطفال إلى ابتعادهم عن الدراسة. ويبقى السؤال المهم هو كيف نحسن علاقة هؤلاء الأطفال بالدراسة؟,يسر,سهولة‏,aljazeera
"وعرضت على شاشة ضخمة صور من حفل زفاف ضياء ويسر، اللذين تزوجا حديثا، وأشعلت الشموع في أماكن متفرقة من الحرم الجامعي، كما علقت لافتات مكتوب عليها ""حياة المسلمين مهمة"" و""أوقفوا الإسلاموفوبيا"" و""احترموا المسلمين"".",يسر,اسم عربي بضم الياء وتسكين السين، يطلق على الذكور والإناث,aljazeera
تمكن الباحثون أخيرا من العثور على تفسير فلكي لسر كويكب صغير رصده العلماء قبل سنتين وأوقعهم في حيرة كبيرة لأنه يسير منذ مليون سنة عكس اتجاه آلاف الكويكبات الأخرى دون أن يصطدم بها.,يسير,فلانٌ: يمشي، يتقدَّم‏.,aljazeera
"علقت العماري على هذه المعلومات، في تصريحات أبرزتها صحيفة AS الإسبانية، حيث قالت: ""الأمور تدار داخلياً في باريس سان جيرمان، وكل شيء يسير على ما يرام"".",يسير,الشيءُ: يتجه أو يتقدم ويتحرك.,arabic post
يسير المهندس المشروع ويشرف على تنفيذ جميع المراحل بدقة وإتقان,يسير,الفعل المضارع من الفعل (سَيَّرَ) فلانٌ الشركة ونحوها: تولى إدارتها.,gpt
"يسير الشاب على خطى والده الّذي أمضى خمس سنوات ناجحة مع ""البلوغرانا""، إذ شارك في 207 مباراة وأحرز 94 هدفاً.",يسير,فلانٌ على خطى أو درب فلان : يقلِّده ويتبعه.,cnn arabia
ولا يوجد سوى نزر يسير من المعلومات عن خبرات المزارعين في مكافحة التصحر.,يسير,قليل وطفيف‏.,Reverso Dictionary
لسوء الحظ لا يستطيع أحد إيقاف هذه الخطوات ولكن تحويل سنوات النضج تلك إلى أعوام أكثر صحة والاستمتاع أكثر بالحياة هو أمر يسير وممكن، وذلك عن طريق اتخاذ بعض الخطوات الإيجابية البسيطة.,يسير,سهل وهين‏.,Altibbi
لاحظ الأسلحة النارية في يمين أحد الأشخاص، والسيوف التقليدية التي يمسك بها الآخرون.,يمين,اليد اليمنى.,Reverso Dictionary
غالبا ما نسمع في الدوائر التقدمية بالولايات المتحدة الشكوى بأن اليمين المسيحي أو اليمين الديني كما يطلق عليه يتمتع بقوة ونفوذ سياسي زائد، واتهامات مشابهة تطلق على جميع أنواع الجماعات النشطة سياسيا.,يمين,قسم، حلف.,aljazeera
حصلت صحراء اتاكاما على المركز العاشر بنسبة 76 % من الأصوات وتقع بمحاذاة بساحل تشيلي على يمين المحيط الهادئ أكبر المحيطات في العالم.,يمين,جهة اليمين، الجهة المقابلة للشمال.,arabia weather